user_id,transaction_count,total_spent,promo_usage_count
1001,28,15035.25,8
1002,37,15564.65,12
1003,27,13007.15,10
1004,24,13605.91,8
1005,40,20493.77,10
1006,24,8371.28,9
1007,31,13961.51,7
1008,39,23207.49,10
1009,32,15894.77,6
1010,24,14853.55,9
1011,27,9836.22,6
1012,26,13832.55,9
1013,33,18078.63,6
1014,32,15990.63,10
1015,30,18405.69,8
1016,31,17036.29,10
1017,29,14410.99,9
1018,29,13479.40,9
1019,34,11179.49,10
1020,31,10967.47,8
1021,37,12670.02,8
1022,19,10727.49,3
1023,28,11934.28,4
1024,27,10085.18,12
1025,37,17150.82,10
1026,31,12780.52,3
1027,32,14567.99,10
1028,36,14352.26,10
1029,31,16598.58,14
1030,30,16243.37,9
1031,32,16478.80,5
1032,30,9661.58,13
1033,20,10786.47,6
1034,26,11934.56,10
1035,30,14375.91,10
1036,21,9674.01,6
1037,28,23433.69,6
1038,26,10886.60,8
1039,24,15117.80,14
1040,41,18088.41,16
1041,23,10607.90,3
1042,39,22081.75,11
1043,33,15718.12,7
1044,28,15288.89,9
1045,34,21161.93,6
1046,41,21047.36,13
1047,28,11237.17,11
1048,26,8960.43,6
1049,25,15364.97,6
1050,36,15813.27,14
1051,28,16495.09,9
1052,28,12406.00,7
1053,32,12755.83,9
1054,31,15093.50,8
1055,28,13840.59,11
1056,26,10587.98,6
1057,28,15782.62,11
1058,33,17773.96,6
1059,31,14621.25,9
1060,29,15033.92,10
1061,29,12979.00,8
1062,39,19925.05,13
1063,29,13031.49,6
1064,34,11495.44,9
1065,33,17581.14,11
1066,28,14321.53,6
1067,39,20232.35,8
1068,31,11244.50,9
1069,25,12007.66,8
1070,23,9776.44,8
1071,26,9045.79,7
1072,31,12423.24,9
1073,32,16630.73,12
1074,33,16929.98,9
1075,36,14679.34,8
1076,36,11066.92,12
1077,27,14498.54,9
1078,27,17079.46,7
1079,27,14253.48,9
1080,25,12003.05,9
1081,31,15994.64,10
1082,23,6671.26,3
1083,38,20342.56,12
1084,32,17017.72,12
1085,33,12749.07,7
1086,24,11606.52,5
1087,29,14289.14,9
1088,34,22762.27,10
1089,31,21871.54,4
1090,25,10797.73,9
1091,27,10689.69,7
1092,25,11040.00,10
1093,27,15044.07,6
1094,27,13537.37,9
1095,30,19348.73,10
1096,36,15526.15,9
1097,31,17549.62,5
1098,31,11701.96,11
1099,34,16154.80,12
1100,32,16639.72,9
1101,46,23635.50,10
1102,35,19607.47,13
1103,25,10655.90,9
1104,25,14434.51,9
1105,26,17646.81,10
1106,29,9343.81,8
1107,39,19797.72,11
1108,31,15280.63,9
1109,17,9279.61,7
1110,35,18835.95,9
1111,27,8516.01,9
1112,35,13463.30,8
1113,29,12058.29,10
1114,38,14103.57,15
1115,30,12420.41,8
1116,23,18431.30,5
1117,31,11352.42,10
1118,19,8124.08,4
1119,31,13647.42,12
1120,26,10530.91,9
1121,27,15298.38,6
1122,28,15631.46,12
1123,20,8351.10,8
1124,33,25549.47,13
1125,30,14030.31,9
1126,32,14337.41,10
1127,32,20098.70,17
1128,20,12608.38,6
1129,34,19091.76,10
1130,24,8421.19,8
1131,34,18024.51,10
1132,36,18021.29,12
1133,27,10808.38,11
1134,18,10727.48,7
1135,23,14031.10,7
1136,35,16511.26,12
1137,39,17137.31,7
1138,21,10934.92,6
1139,21,14600.55,4
1140,30,13981.28,9
1141,22,12349.97,5
1142,37,12722.01,10
1143,28,12576.20,9
1144,27,11842.63,8
1145,44,22682.57,12
1146,36,21861.94,10
1147,32,15527.45,11
1148,37,14528.38,11
1149,28,11392.68,6
1150,32,22056.72,11
1151,37,19711.23,6
1152,42,21636.94,10
1153,33,12791.12,11
1154,26,13747.92,6
1155,33,15950.38,9
1156,32,19622.29,14
1157,33,18093.68,8
1158,23,13104.77,4
1159,43,18260.32,14
1160,25,9629.13,6
1161,30,12898.21,8
1162,25,15328.05,6
1163,31,19417.01,11
1164,36,17366.25,12
1165,34,18818.57,6
1166,29,20169.42,6
1167,21,13295.31,5
1168,26,12342.72,5
1169,32,13268.75,11
1170,27,8689.37,7
1171,37,15883.77,7
1172,25,13723.82,6
1173,29,17587.68,11
1174,28,9614.84,8
1175,28,10764.37,7
1176,33,11661.75,5
1177,26,16842.63,7
1178,29,15851.94,9
1179,31,11891.34,10
1180,39,16192.85,11
1181,19,8064.86,5
1182,31,13020.93,12
1183,32,16386.02,15
1184,42,19296.45,15
1185,24,8649.04,8
1186,34,15857.64,11
1187,22,12591.58,8
1188,28,15175.08,9
1189,28,11855.24,11
1190,16,8694.09,6
1191,33,10497.82,9
1192,38,21379.69,8
1193,29,11389.99,12
1194,33,13419.12,12
1195,37,12025.46,9
1196,36,19103.28,13
1197,26,17223.70,8
1198,25,8268.63,4
1199,30,10810.18,7
1200,29,13240.48,10
1201,26,16092.34,10
1202,36,17853.28,11
1203,29,10474.53,10
1204,31,11476.12,8
1205,26,10167.01,8
1206,30,13934.59,11
1207,25,13276.60,8
1208,25,11308.01,6
1209,22,12639.61,5
1210,29,11756.88,10
1211,33,11579.71,6
1212,37,18197.79,15
1213,31,15480.27,7
1214,29,17365.81,7
1215,31,13230.34,8
1216,33,13781.27,12
1217,26,14827.13,7
1218,38,15099.74,13
1219,43,22335.56,13
1220,32,17256.60,12
1221,39,24919.23,11
1222,27,8286.99,10
1223,35,17135.29,9
1224,35,14008.51,11
1225,35,18636.81,11
1226,26,14348.37,11
1227,31,18443.92,12
1228,32,21201.10,6
1229,31,15650.64,8
1230,22,11764.96,4
1231,36,18572.14,12
1232,36,13073.31,13
1233,23,8734.55,5
1234,28,12400.37,7
1235,17,8015.07,7
1236,32,13598.34,12
1237,41,19912.11,7
1238,31,14995.82,8
1239,42,16979.75,15
1240,22,9189.03,4
1241,29,15133.04,10
1242,30,14666.59,8
1243,22,7413.91,8
1244,32,14525.48,11
1245,22,12087.88,8
1246,29,15992.38,10
1247,39,22405.46,16
1248,18,9915.93,3
1249,34,22720.50,12
1250,35,17365.61,11
1251,29,14713.71,8
1252,45,18687.30,16
1253,34,15878.90,15
1254,30,9082.37,8
1255,24,8236.67,10
1256,45,16682.44,12
1257,26,11585.12,3
1258,36,16275.69,12
1259,25,14237.59,7
1260,27,9503.77,9
1261,41,14975.80,18
1262,31,14243.93,8
1263,39,26327.80,13
1264,25,12367.29,10
1265,23,15492.00,8
1266,32,12517.66,8
1267,31,15828.16,6
1268,28,15936.31,10
1269,24,12632.03,2
1270,36,17717.07,10
1271,26,9627.88,9
1272,32,14147.83,10
1273,26,11431.48,6
1274,29,14990.18,6
1275,39,15053.19,11
1276,37,21611.76,12
1277,37,20710.49,11
1278,28,12429.10,6
1279,23,14938.60,6
1280,43,19332.29,14
1281,29,13563.19,9
1282,37,21933.71,9
1283,24,8681.95,8
1284,35,15075.66,13
1285,33,19304.29,11
1286,29,11264.04,6
1287,18,9972.15,7
1288,34,19240.20,10
1289,25,9298.06,13
1290,31,14370.01,10
1291,27,11410.83,8
1292,36,20946.12,11
1293,34,12211.20,9
1294,28,13040.62,12
1295,21,10855.83,7
1296,27,10247.45,7
1297,27,17999.63,7
1298,25,13629.98,6
1299,27,14041.74,6
1300,24,6438.60,11
1301,38,17040.37,6
1302,32,11784.31,10
1303,38,14921.22,14
1304,28,10581.59,9
1305,25,11951.59,8
1306,36,17117.01,13
1307,30,15861.01,8
1308,41,10993.80,11
1309,28,12037.21,10
1310,23,11193.43,4
1311,28,17294.25,9
1312,30,16465.36,10
1313,27,11611.20,6
1314,31,17335.05,9
1315,30,13811.86,9
1316,30,17105.76,9
1317,32,15282.49,13
1318,37,15155.28,11
1319,28,14539.41,6
1320,28,12563.56,8
1321,34,18777.04,7
1322,31,12869.15,7
1323,34,14571.63,11
1324,34,16401.93,10
1325,36,14160.42,8
1326,26,13604.10,3
1327,54,30433.93,12
1328,28,12516.04,8
1329,20,9789.54,8
1330,33,13635.03,9
1331,24,13471.72,9
1332,30,9410.84,3
1333,31,15566.59,9
1334,30,16187.94,9
1335,29,15906.42,11
1336,32,12515.09,11
1337,32,16491.29,9
1338,32,15886.25,9
1339,26,12474.37,11
1340,26,16018.21,10
1341,27,19281.71,8
1342,26,7971.86,6
1343,35,16184.19,10
1344,43,22991.65,8
1345,29,12621.16,14
1346,33,16516.94,12
1347,24,10483.94,6
1348,35,19144.04,6
1349,23,10542.01,6
1350,31,14334.65,4
1351,18,7402.79,8
1352,35,16681.01,9
1353,29,13446.11,14
1354,35,13312.49,7
1355,26,8832.20,10
1356,24,13779.68,11
1357,33,15200.08,3
1358,35,15813.92,11
1359,43,20835.37,18
1360,31,13116.61,10
1361,21,7901.11,3
1362,30,16331.84,8
1363,30,19497.53,12
1364,34,13643.60,10
1365,23,8426.06,6
1366,23,7709.71,8
1367,33,15094.32,8
1368,38,18056.57,12
1369,23,9533.42,3
1370,32,18414.35,10
1371,31,10644.04,10
1372,28,10634.83,9
1373,22,10031.81,8
1374,24,13161.35,6
1375,33,20254.98,8
1376,30,11264.71,11
1377,24,12015.49,8
1378,33,12968.79,13
1379,39,18140.78,15
1380,31,14597.37,5
1381,32,19824.24,9
1382,38,20839.56,12
1383,24,15881.28,9
1384,22,8552.37,6
1385,37,16513.70,7
1386,19,9689.95,3
1387,36,16676.82,11
1388,38,21492.59,12
1389,41,22460.11,16
1390,42,17181.61,15
1391,21,11515.00,6
1392,31,10051.56,6
1393,28,9511.80,11
1394,34,12986.51,12
1395,30,13105.06,17
1396,29,11210.89,11
1397,25,14188.40,6
1398,30,12626.16,10
1399,31,10024.44,8
1400,35,14730.12,9
1401,36,14483.73,17
1402,19,6813.31,5
1403,18,9856.31,4
1404,27,10385.63,6
1405,37,14042.10,10
1406,37,15305.81,11
1407,35,15990.71,5
1408,25,12031.59,6
1409,37,19230.48,5
1410,38,8866.73,12
1411,23,5611.80,6
1412,38,20057.44,9
1413,29,13984.25,9
1414,28,9955.48,8
1415,26,8669.02,5
1416,31,16471.94,10
1417,25,13787.20,6
1418,27,7222.76,10
1419,31,15114.09,10
1420,26,15720.75,9
1421,24,6098.14,5
1422,29,15459.16,5
1423,38,16530.44,13
1424,25,18079.99,9
1425,29,16034.86,12
1426,37,21027.07,13
1427,32,11071.09,15
1428,23,11995.73,12
1429,35,16545.24,10
1430,21,11954.45,6
1431,29,12159.53,9
1432,36,16985.62,9
1433,29,11509.11,10
1434,32,13599.50,4
1435,18,6248.05,4
1436,30,12532.67,6
1437,30,16034.58,9
1438,34,15754.58,11
1439,27,19177.16,4
1440,25,8778.93,11
1441,25,9067.57,8
1442,39,18100.06,14
1443,20,9976.74,4
1444,30,10821.68,9
1445,19,10792.98,2
1446,29,15466.93,11
1447,32,15810.47,12
1448,35,18927.86,11
1449,24,9733.19,9
1450,31,14266.07,8
1451,23,8935.57,5
1452,33,14287.30,10
1453,29,13515.87,7
1454,34,25381.90,14
1455,31,12343.16,14
1456,28,10732.14,5
1457,24,12676.66,6
1458,28,16200.66,9
1459,39,18627.14,12
1460,28,10593.35,12
1461,38,20712.11,12
1462,35,14706.19,13
1463,32,21360.37,8
1464,21,7461.15,8
1465,35,15881.31,11
1466,26,13305.59,7
1467,26,15504.28,13
1468,23,9570.25,7
1469,41,18019.86,11
1470,30,9485.41,6
1471,36,15518.40,8
1472,24,8243.63,6
1473,28,8723.98,11
1474,31,12414.54,9
1475,29,11283.83,8
1476,30,16989.28,10
1477,28,9338.16,7
1478,23,11281.99,8
1479,25,8922.16,6
1480,34,15335.29,11
1481,31,10967.83,8
1482,23,14031.72,9
1483,37,26687.95,11
1484,33,10561.26,14
1485,25,11017.52,9
1486,29,14038.17,8
1487,26,13266.52,6
1488,32,15233.47,16
1489,29,10160.97,7
1490,30,14320.82,13
1491,23,11080.18,7
1492,28,14638.16,8
1493,44,20545.46,12
1494,28,10632.70,9
1495,33,15065.79,5
1496,33,15623.25,12
1497,30,14904.00,10
1498,34,15033.32,10
1499,27,12687.05,7
1500,38,15082.11,12
1501,30,11295.47,11
1502,42,20614.09,13
1503,27,7606.45,4
1504,17,5007.76,5
1505,26,13101.98,9
1506,41,19514.31,9
1507,32,11091.39,12
1508,25,16653.97,8
1509,29,12570.27,10
1510,32,20085.37,13
1511,26,12602.82,5
1512,25,9797.90,10
1513,32,11827.56,9
1514,31,16800.25,12
1515,27,18943.30,5
1516,33,15617.16,8
1517,28,12582.81,10
1518,24,10894.17,12
1519,30,20897.23,14
1520,37,19182.04,10
1521,34,14145.65,12
1522,37,23726.20,8
1523,26,11656.66,9
1524,31,7268.72,7
1525,25,7749.51,9
1526,27,15570.00,6
1527,23,9695.46,6
1528,37,13871.48,13
1529,20,8592.95,2
1530,35,13783.04,8
1531,21,8303.20,6
1532,25,11751.01,11
1533,19,13550.14,9
1534,24,10780.41,6
1535,26,18170.67,5
1536,29,8456.37,8
1537,34,18970.84,14
1538,33,11750.08,12
1539,25,13478.46,7
1540,32,15263.75,10
1541,41,23585.68,15
1542,30,15290.52,15
1543,35,12686.57,14
1544,32,20475.82,5
1545,32,14331.62,10
1546,26,12441.97,6
1547,32,16972.00,11
1548,34,13188.91,9
1549,34,10961.69,8
1550,32,9004.55,10
1551,27,10739.35,6
1552,43,23867.85,9
1553,28,16448.02,4
1554,24,12685.32,6
1555,29,14048.04,7
1556,45,21599.63,11
1557,25,14132.23,10
1558,32,20779.79,11
1559,17,6926.17,4
1560,27,14536.73,8
1561,25,12308.37,6
1562,32,21828.53,12
1563,34,11267.80,5
1564,31,10687.02,10
1565,27,18132.60,8
1566,28,15180.22,10
1567,34,12757.61,12
1568,27,12701.75,10
1569,36,13351.51,14
1570,21,11183.69,2
1571,33,15485.15,11
1572,34,14372.54,9
1573,32,16982.37,12
1574,30,12050.58,9
1575,31,11479.89,6
1576,36,16658.28,11
1577,33,12340.46,7
1578,34,12731.61,9
1579,20,7893.40,7
1580,33,17124.27,8
1581,39,14794.19,12
1582,32,13281.93,9
1583,37,16616.26,12
1584,31,15406.74,10
1585,34,15455.38,9
1586,32,14233.97,15
1587,25,8785.77,11
1588,35,11826.75,10
1589,35,17314.89,9
1590,26,14478.12,7
1591,21,12570.28,6
1592,28,13925.60,6
1593,33,14117.11,11
1594,23,16254.60,6
1595,22,8832.50,7
1596,35,18838.99,9
1597,30,16938.52,10
1598,31,16638.74,6
1599,28,16443.74,9
1600,35,14968.29,8
1601,19,11165.27,7
1602,27,9125.96,5
1603,34,15300.06,12
1604,30,15059.25,3
1605,37,17318.73,8
1606,27,13645.67,9
1607,22,11747.78,5
1608,26,16174.50,7
1609,32,15409.94,10
1610,29,14225.17,8
1611,33,15220.49,11
1612,35,17558.96,10
1613,28,14388.56,9
1614,28,13050.65,13
1615,18,7894.92,7
1616,23,8858.62,12
1617,27,8955.72,14
1618,29,13726.04,10
1619,26,14221.10,7
1620,48,21634.05,9
1621,38,19094.41,13
1622,29,12663.49,9
1623,25,11288.99,8
1624,27,16862.53,8
1625,25,11942.05,5
1626,27,9091.13,13
1627,30,15962.10,12
1628,29,14235.88,4
1629,33,12923.06,4
1630,34,17350.22,8
1631,33,20932.40,13
1632,28,11989.50,4
1633,34,13157.95,11
1634,17,5028.02,3
1635,25,18213.98,6
1636,30,13864.75,9
1637,37,15165.67,14
1638,28,11642.36,7
1639,23,12333.79,5
1640,33,16826.70,13
1641,23,11289.14,10
1642,29,12778.38,8
1643,32,14825.18,7
1644,39,17185.38,11
1645,25,7770.30,8
1646,31,11202.06,5
1647,25,9246.55,6
1648,32,11732.96,7
1649,27,19469.85,11
1650,33,13902.45,9
1651,19,10085.42,8
1652,25,15364.84,7
1653,28,12733.91,4
1654,33,10771.20,8
1655,24,18655.64,7
1656,33,16363.41,8
1657,38,14146.89,12
1658,29,10681.26,9
1659,36,13891.82,9
1660,37,21829.05,12
1661,26,10865.62,13
1662,30,16073.03,9
1663,35,11443.60,8
1664,30,11702.40,11
1665,24,13007.94,4
1666,33,14169.60,12
1667,34,14126.69,10
1668,27,12532.47,7
1669,34,14600.50,12
1670,26,12430.23,8
1671,24,15764.97,10
1672,30,11376.57,11
1673,36,17173.92,8
1674,32,17959.74,9
1675,27,16474.03,8
1676,33,22216.24,8
1677,23,9741.92,9
1678,29,15443.42,6
1679,27,9582.80,7
1680,31,17420.94,8
1681,34,13643.14,11
1682,28,13780.80,5
1683,32,13258.16,9
1684,29,13674.88,13
1685,25,10020.74,10
1686,32,13109.07,13
1687,37,13382.79,17
1688,36,11099.05,17
1689,33,18044.61,11
1690,26,12416.03,6
1691,22,12895.75,7
1692,34,16171.43,8
1693,24,16627.40,5
1694,24,9835.34,7
1695,20,9450.17,6
1696,26,12954.76,8
1697,27,7818.63,11
1698,20,7638.02,7
1699,29,11743.00,8
1700,30,16908.73,10
1701,25,13560.20,6
1702,33,14264.94,8
1703,31,14287.87,8
1704,30,10310.47,10
1705,40,15890.77,12
1706,25,12420.46,10
1707,25,12959.76,7
1708,27,10223.54,5
1709,35,18525.71,13
1710,34,11989.69,9
1711,30,13094.06,9
1712,29,15521.12,8
1713,31,13802.51,12
1714,33,17617.54,14
1715,27,13933.46,11
1716,34,16019.99,9
1717,37,19956.62,11
1718,32,13014.35,13
1719,27,15152.68,9
1720,27,9743.47,6
1721,34,12913.87,9
1722,26,11104.65,9
1723,31,15012.86,9
1724,27,11946.41,7
1725,27,12642.84,6
1726,29,9210.53,6
1727,26,10237.06,7
1728,30,16503.13,11
1729,38,19727.51,6
1730,24,14181.10,9
1731,36,19241.41,7
1732,34,14518.86,8
1733,25,10143.25,6
1734,38,15468.20,18
1735,22,11661.39,8
1736,30,16030.63,10
1737,31,12633.36,7
1738,30,12421.91,15
1739,38,16631.14,15
1740,27,10871.37,9
1741,32,14787.02,8
1742,29,13001.42,11
1743,28,12169.81,6
1744,32,14474.01,8
1745,34,17959.84,13
1746,34,14732.56,8
1747,27,15498.46,8
1748,29,15051.12,8
1749,40,22034.65,11
1750,25,12170.62,6
1751,38,14007.02,15
1752,26,14495.67,10
1753,32,13766.86,10
1754,35,19847.21,9
1755,27,10841.05,6
1756,26,8773.07,7
1757,31,15425.41,15
1758,34,12443.40,5
1759,30,15511.45,12
1760,23,7857.43,6
1761,44,16262.97,14
1762,23,10074.43,8
1763,35,15874.46,8
1764,28,9330.40,7
1765,24,10272.49,8
1766,33,16845.71,10
1767,29,15646.67,9
1768,33,13846.84,9
1769,30,10425.15,10
1770,21,13046.16,7
1771,38,24509.38,11
1772,31,18164.78,3
1773,25,12977.53,8
1774,22,10439.88,7
1775,31,8832.95,9
1776,26,11742.44,7
1777,38,20819.60,12
1778,25,17926.21,8
1779,38,20815.96,12
1780,29,9980.46,10
1781,33,16691.93,6
1782,39,21121.33,10
1783,33,16692.12,6
1784,37,17524.15,9
1785,19,7999.10,6
1786,28,8135.81,8
1787,33,11188.73,10
1788,27,9838.82,5
1789,21,9501.42,5
1790,32,12765.91,13
1791,20,7410.84,8
1792,35,10186.71,9
1793,27,15636.71,9
1794,31,15235.99,7
1795,32,16638.51,6
1796,32,19838.36,12
1797,30,12889.97,14
1798,27,11608.77,9
1799,23,12431.70,8
1800,38,13674.50,17
1801,34,15763.02,11
1802,37,16908.45,12
1803,29,11430.71,7
1804,28,11444.14,7
1805,26,10472.80,6
1806,33,15358.29,6
1807,25,17695.27,8
1808,24,17252.86,8
1809,31,14139.67,7
1810,29,15655.75,7
1811,23,10774.90,7
1812,20,13382.03,6
1813,27,11532.97,6
1814,25,11048.04,7
1815,28,13259.54,9
1816,20,9173.32,6
1817,35,24289.96,16
1818,31,9855.38,10
1819,36,12435.60,11
1820,34,14707.77,13
1821,40,19856.46,13
1822,23,14767.18,10
1823,31,17061.10,11
1824,42,21247.76,16
1825,30,10015.00,11
1826,37,14383.08,7
1827,19,11356.25,4
1828,23,8596.87,8
1829,31,11034.36,12
1830,37,20339.29,11
1831,20,11209.02,7
1832,26,12133.39,8
1833,27,15259.14,7
1834,30,15379.88,8
1835,28,18508.34,13
1836,34,20344.88,9
1837,30,10007.60,13
1838,24,9998.97,7
1839,28,16128.72,6
1840,31,12502.38,7
1841,38,14195.62,6
1842,30,15375.66,10
1843,30,13545.87,12
1844,30,14956.22,9
1845,37,14715.11,15
1846,29,10224.43,3
1847,22,9740.59,7
1848,21,4697.96,7
1849,32,15524.24,12
1850,32,14316.69,7
1851,27,8521.40,8
1852,35,17253.31,12
1853,29,12446.35,7
1854,30,17974.72,9
1855,27,14532.70,9
1856,43,18264.99,14
1857,31,16717.66,8
1858,36,17619.85,8
1859,33,17053.09,10
1860,24,12444.25,5
1861,29,13187.84,14
1862,28,7772.87,13
1863,34,13352.11,8
1864,35,16578.44,10
1865,43,17900.27,12
1866,28,9813.01,7
1867,25,11347.40,9
1868,32,12897.07,11
1869,39,22483.95,10
1870,32,14815.87,10
1871,34,12273.16,10
1872,27,10390.39,12
1873,24,11321.33,8
1874,30,14874.40,6
1875,25,11272.09,7
1876,36,15968.69,13
1877,22,11152.90,8
1878,25,9122.09,4
1879,25,10968.33,8
1880,23,11224.16,7
1881,26,12703.85,7
1882,28,13166.35,5
1883,26,10486.34,13
1884,23,12139.39,6
1885,40,17514.12,9
1886,26,12352.24,10
1887,36,13008.74,13
1888,27,11500.92,4
1889,32,17266.02,9
1890,25,12163.88,7
1891,29,15607.30,10
1892,30,17528.29,6
1893,25,11788.13,9
1894,32,12441.97,11
1895,35,18487.66,8
1896,30,13232.06,8
1897,23,10433.66,8
1898,25,12257.99,3
1899,22,19281.25,4
1900,31,15911.33,14
1901,29,12880.77,10
1902,29,15713.53,8
1903,22,8138.95,7
1904,34,15683.40,11
1905,22,7959.12,10
1906,33,13594.17,16
1907,26,10424.79,4
1908,27,9213.74,2
1909,35,13599.79,10
1910,23,8704.40,6
1911,26,13843.79,7
1912,28,12414.40,11
1913,33,18885.81,11
1914,27,12671.42,9
1915,44,15660.54,15
1916,26,9987.67,11
1917,30,11934.57,7
1918,22,10489.56,5
1919,25,13206.26,6
1920,48,20255.08,13
1921,24,10605.82,5
1922,30,7590.43,11
1923,27,11502.76,8
1924,23,4562.16,7
1925,26,12155.26,5
1926,25,5155.69,7
1927,31,15181.69,11
1928,33,17221.46,5
1929,34,17243.67,11
1930,40,24849.84,18
1931,33,8998.55,11
1932,27,11004.42,6
1933,26,11525.32,8
1934,35,12859.74,11
1935,37,13183.60,9
1936,35,17815.41,8
1937,34,14508.11,10
1938,42,20062.84,16
1939,34,17650.68,13
1940,36,16171.67,15
1941,34,11680.82,16
1942,38,17278.28,11
1943,25,10819.16,11
1944,27,14929.42,12
1945,26,8836.65,9
1946,28,10745.41,9
1947,22,10090.86,8
1948,25,11397.60,5
1949,32,18380.13,10
1950,34,11881.53,11
1951,32,21115.44,7
1952,30,14752.44,7
1953,27,14310.24,10
1954,23,10058.42,8
1955,37,14611.01,11
1956,31,14702.37,6
1957,29,9981.66,9
1958,22,11864.71,8
1959,33,13471.61,14
1960,27,15326.41,7
1961,32,13952.18,12
1962,37,15191.09,9
1963,36,18287.68,13
1964,30,13743.35,10
1965,26,11480.93,5
1966,34,15204.21,9
1967,30,11059.54,8
1968,35,19377.51,7
1969,27,11058.38,7
1970,26,16561.15,6
1971,23,9257.19,6
1972,32,8778.49,8
1973,39,15677.34,11
1974,31,15156.98,8
1975,36,17631.32,10
1976,30,11837.26,6
1977,26,11739.32,8
1978,26,13942.31,9
1979,25,9992.46,5
1980,26,10907.68,11
1981,34,15207.88,11
1982,27,11174.16,8
1983,31,19065.88,8
1984,32,20129.88,7
1985,38,17014.95,14
1986,29,13031.01,8
1987,40,14914.09,15
1988,27,18933.60,8
1989,44,18245.98,9
1990,36,10866.28,15
1991,40,18002.73,13
1992,32,16790.21,6
1993,26,9186.23,11
1994,30,15489.49,11
1995,31,16202.17,4
1996,39,17317.10,10
1997,35,16553.93,6
1998,18,7601.67,5
1999,28,14034.61,10
2000,26,15144.61,9
2001,29,10520.21,7
2002,20,11259.39,3
2003,19,10257.54,6
2004,28,10502.01,6
2005,37,17469.92,13
2006,30,18421.33,10
2007,39,17382.68,12
2008,33,15969.68,11
2009,41,23365.89,12
2010,33,14389.26,8
2011,32,12935.73,7
2012,33,22605.05,13
2013,39,20178.31,13
2014,19,8928.56,7
2015,25,11556.10,11
2016,33,12626.53,11
2017,27,18453.61,6
2018,28,11605.23,6
2019,35,15386.82,8
2020,32,14424.12,13
2021,28,14720.82,6
2022,23,15498.32,8
2023,33,15939.29,9
2024,34,15782.01,16
2025,24,13056.73,8
2026,28,13600.56,14
2027,33,13473.85,15
2028,21,9648.79,4
2029,37,18164.98,10
2030,26,10303.21,6
2031,28,8843.12,6
2032,36,15880.90,15
2033,24,16715.42,5
2034,28,13405.53,5
2035,28,10664.50,4
2036,40,18612.97,10
2037,34,17325.87,11
2038,31,12947.43,14
2039,28,10728.21,11
2040,25,17705.47,12
2041,34,14903.94,11
2042,29,16663.64,7
2043,30,12173.44,10
2044,33,13700.42,4
2045,31,11425.95,7
2046,33,19012.90,12
2047,27,14713.93,6
2048,31,16596.71,10
2049,29,12548.19,3
2050,33,18293.05,11
2051,31,15766.81,13
2052,38,13179.44,11
2053,28,14387.34,12
2054,31,12623.77,10
2055,29,17681.76,13
2056,32,14156.04,12
2057,23,11779.28,6
2058,27,11195.49,10
2059,41,18740.15,14
2060,33,13288.71,8
2061,37,12239.72,12
2062,26,13264.77,3
2063,31,13477.67,8
2064,37,14815.24,11
2065,31,14313.13,11
2066,28,20874.07,8
2067,33,15867.41,8
2068,32,13605.83,5
2069,30,19646.14,6
2070,34,14580.39,12
2071,33,14814.05,10
2072,31,15059.44,12
2073,22,12835.30,5
2074,34,11918.78,10
2075,30,12189.28,8
2076,27,15999.65,9
2077,28,15015.37,4
2078,28,13742.34,10
2079,25,7980.81,10
2080,21,8058.21,9
2081,30,11307.37,13
2082,31,12157.14,8
2083,31,12789.88,7
2084,30,10840.53,12
2085,26,14239.17,9
2086,25,18826.73,3
2087,35,15211.24,15
2088,30,13356.09,3
2089,21,10249.26,6
2090,33,16769.38,11
2091,34,14021.02,8
2092,29,10402.43,12
2093,31,17770.12,7
2094,32,15979.32,8
2095,42,19779.04,10
2096,23,11032.42,5
2097,25,11474.37,6
2098,31,12717.45,8
2099,22,11733.18,12
2100,18,5109.22,6
2101,30,12266.66,6
2102,30,16969.27,8
2103,33,15644.08,9
2104,29,11497.73,11
2105,32,18174.74,10
2106,27,12755.59,4
2107,32,15127.08,9
2108,30,13109.93,9
2109,41,21067.55,11
2110,26,10998.38,5
2111,31,14967.60,14
2112,27,11797.15,7
2113,35,13381.96,16
2114,28,13601.30,10
2115,33,13648.64,5
2116,30,19229.36,8
2117,26,8167.90,10
2118,19,4603.68,7
2119,41,15807.76,3
2120,33,14494.36,13
2121,29,12438.51,13
2122,33,16632.57,6
2123,26,13394.11,8
2124,21,10387.63,6
2125,34,16454.59,11
2126,29,15240.98,6
2127,34,22628.33,12
2128,29,9741.64,8
2129,29,12044.93,5
2130,36,16349.79,9
2131,23,14387.53,9
2132,33,14860.29,13
2133,38,14297.36,14
2134,32,13945.09,8
2135,35,20846.33,9
2136,25,9320.25,11
2137,37,16615.32,9
2138,37,14487.84,14
2139,29,10371.20,6
2140,33,14782.53,8
2141,27,12312.66,6
2142,25,10391.24,9
2143,41,19916.16,10
2144,32,11757.02,4
2145,32,20001.41,9
2146,33,16691.40,8
2147,35,16720.45,11
2148,20,10447.53,5
2149,43,15392.33,16
2150,34,18728.97,9
2151,33,15442.04,8
2152,28,16444.59,10
2153,33,12265.11,13
2154,27,10540.43,7
2155,23,11269.39,9
2156,39,19259.33,9
2157,32,16851.96,16
2158,28,12222.91,10
2159,28,13794.88,15
2160,30,10646.61,14
2161,27,10641.78,6
2162,23,9452.44,4
2163,27,16688.67,8
2164,24,10190.99,11
2165,30,14886.50,9
2166,27,7724.63,8
2167,34,14206.34,11
2168,22,10148.75,7
2169,36,18367.74,12
2170,42,20697.47,16
2171,46,22195.47,13
2172,29,13093.08,7
2173,35,18495.42,12
2174,36,13981.24,12
2175,41,17966.88,16
2176,37,14048.95,12
2177,32,13446.80,12
2178,32,14544.70,12
2179,33,19593.21,10
2180,32,19153.22,7
2181,31,12562.91,11
2182,26,9420.09,5
2183,31,15361.17,6
2184,36,11600.08,6
2185,29,17998.73,12
2186,26,11913.37,5
2187,33,16993.22,8
2188,22,12641.60,8
2189,29,15055.52,7
2190,36,20496.24,13
2191,31,19715.70,17
2192,33,14962.91,16
2193,29,10502.99,10
2194,33,14607.79,8
2195,32,14755.95,8
2196,31,14462.35,9
2197,35,14052.46,14
2198,23,12987.72,10
2199,33,12701.00,10
2200,27,12391.73,6
2201,37,14421.49,8
2202,25,13105.88,8
2203,34,17023.95,12
2204,35,19450.88,8
2205,33,14980.56,9
2206,30,16509.15,7
2207,32,13901.85,11
2208,36,16247.24,11
2209,34,16926.49,12
2210,32,17008.90,10
2211,32,15261.59,9
2212,24,9672.75,7
2213,17,9954.33,7
2214,24,10328.29,1
2215,23,10289.34,2
2216,37,18708.32,11
2217,34,16423.58,9
2218,30,12226.78,7
2219,33,14930.15,4
2220,29,15830.77,14
2221,29,13894.55,10
2222,23,8868.99,7
2223,30,16140.11,12
2224,33,13438.50,10
2225,32,11093.86,8
2226,33,10390.10,5
2227,34,11578.10,9
2228,37,15616.38,10
2229,31,14713.87,10
2230,32,15588.08,12
2231,33,12866.08,11
2232,26,13075.98,7
2233,27,10781.02,9
2234,28,11380.07,11
2235,30,14273.97,10
2236,27,11927.33,8
2237,24,13162.55,6
2238,25,12682.53,11
2239,24,8703.95,7
2240,28,13991.15,6
2241,29,20429.01,10
2242,32,13623.37,13
2243,34,21522.84,5
2244,21,9851.41,9
2245,28,7686.65,9
2246,37,20059.14,12
2247,30,13585.78,6
2248,26,13402.58,8
2249,21,8705.04,7
2250,22,10025.05,5
2251,25,12838.39,0
2252,30,14140.79,6
2253,34,14864.84,8
2254,33,15501.64,11
2255,28,14757.99,12
2256,30,12226.99,7
2257,33,14849.78,10
2258,34,13438.44,9
2259,36,16315.28,13
2260,33,13799.95,13
2261,33,17962.49,10
2262,39,18967.34,16
2263,27,13877.84,5
2264,26,12370.19,6
2265,34,17767.40,10
2266,26,13263.63,8
2267,34,12764.78,14
2268,26,8687.62,7
2269,33,18422.60,12
2270,26,11821.25,4
2271,40,14536.90,8
2272,27,11372.13,4
2273,28,11769.46,7
2274,35,17263.75,7
2275,35,15953.27,6
2276,33,16478.60,5
2277,31,12524.24,11
2278,28,10973.35,10
2279,29,12658.53,9
2280,32,11803.12,12
2281,32,13276.27,10
2282,22,7307.93,8
2283,33,14687.51,10
2284,25,9395.11,4
2285,36,17121.46,12
2286,32,14179.72,8
2287,24,6771.36,4
2288,40,21416.65,14
2289,35,13804.04,10
2290,35,17331.46,14
2291,23,12322.98,7
2292,25,11076.94,8
2293,36,14939.56,7
2294,32,16263.17,6
2295,20,13187.59,6
2296,27,11452.42,11
2297,28,13837.74,6
2298,25,12003.14,5
2299,23,10974.07,7
2300,24,8983.46,7
2301,33,18381.69,8
2302,37,12301.59,9
2303,35,11694.80,11
2304,28,9445.86,9
2305,31,16279.46,6
2306,36,21424.58,10
2307,27,14190.08,13
2308,24,8315.66,6
2309,26,10682.12,7
2310,27,14487.97,12
2311,26,11620.97,7
2312,29,14162.53,9
2313,28,13009.86,9
2314,25,7670.83,5
2315,32,14188.93,7
2316,29,9936.77,8
2317,28,9217.04,6
2318,24,4012.95,6
2319,31,13365.11,8
2320,37,16184.38,10
2321,26,11598.90,12
2322,26,14843.74,6
2323,18,9963.23,7
2324,27,9666.87,5
2325,28,13323.81,7
2326,28,17994.25,5
2327,23,11366.80,4
2328,30,13401.04,9
2329,21,9701.44,7
2330,29,14600.71,6
2331,27,11041.54,10
2332,31,16120.21,5
2333,41,15684.31,10
2334,24,9024.92,6
2335,30,13516.24,9
2336,32,15586.74,16
2337,34,16610.53,5
2338,41,20978.41,12
2339,30,10084.15,8
2340,27,13733.26,12
2341,24,12632.14,5
2342,25,11148.73,8
2343,33,17330.50,9
2344,30,18609.69,8
2345,31,14142.35,8
2346,30,17275.25,11
2347,29,9972.06,9
2348,36,10517.22,11
2349,32,17307.93,7
2350,28,14194.06,7
2351,38,14351.98,15
2352,27,12163.37,11
2353,29,9774.08,11
2354,37,20095.36,8
2355,22,10333.68,3
2356,35,18125.99,6
2357,28,13696.71,4
2358,31,16769.86,12
2359,30,14282.73,9
2360,23,6087.95,5
2361,40,17154.59,6
2362,27,8649.03,11
2363,42,16558.87,18
2364,30,14669.98,8
2365,25,13403.27,7
2366,33,11883.72,10
2367,29,15226.34,9
2368,27,14602.44,11
2369,37,16536.30,13
2370,39,14873.29,11
2371,31,13253.31,12
2372,39,20880.81,12
2373,25,15956.85,7
2374,29,11705.84,9
2375,27,11756.10,10
2376,34,13123.40,9
2377,30,12413.47,12
2378,25,12304.40,12
2379,31,20297.30,10
2380,27,12452.45,7
2381,22,9321.27,7
2382,35,14502.22,9
2383,27,14843.62,14
2384,31,13504.56,8
2385,31,13554.69,14
2386,36,14794.83,12
2387,25,11209.34,10
2388,33,17973.57,14
2389,31,16314.78,6
2390,25,9879.46,9
2391,20,6303.91,6
2392,38,15768.48,12
2393,33,14412.45,13
2394,37,13098.30,9
2395,26,12862.32,7
2396,26,8470.59,7
2397,23,12331.62,5
2398,42,22708.85,13
2399,33,20226.36,10
2400,42,23571.48,12
2401,32,16054.12,12
2402,37,14111.75,4
2403,21,10811.75,4
2404,35,14804.82,10
2405,26,8660.99,6
2406,28,13734.01,3
2407,26,14712.11,6
2408,30,14876.78,8
2409,29,22331.27,10
2410,25,10670.88,7
2411,30,16933.11,11
2412,26,12888.15,6
2413,26,11654.84,5
2414,20,7485.07,4
2415,24,8715.79,6
2416,26,9508.19,9
2417,26,14593.67,4
2418,34,15546.89,10
2419,24,10771.86,7
2420,41,21668.65,14
2421,28,9948.58,7
2422,33,17322.63,14
2423,40,19672.90,10
2424,25,10882.35,6
2425,28,12444.41,8
2426,27,10937.96,7
2427,18,7829.60,7
2428,28,13218.64,9
2429,30,10442.63,10
2430,31,16609.88,11
2431,32,17858.46,10
2432,36,15277.70,8
2433,42,18677.63,17
2434,29,8044.26,9
2435,24,13631.49,9
2436,32,12326.59,10
2437,27,18111.00,9
2438,24,11448.46,3
2439,26,14373.75,5
2440,38,16111.87,9
2441,26,15809.82,5
2442,32,13988.36,7
2443,27,8853.25,10
2444,28,11900.11,6
2445,28,13235.80,9
2446,28,11869.95,10
2447,24,10083.24,11
2448,31,12069.11,5
2449,24,14242.27,5
2450,29,9178.08,9
2451,33,12597.83,13
2452,32,15372.95,7
2453,36,13941.38,11
2454,34,14791.37,8
2455,20,8593.97,7
2456,36,15246.35,14
2457,39,18721.02,14
2458,25,9452.03,9
2459,30,10301.52,8
2460,35,14299.56,8
2461,22,8581.63,7
2462,19,7546.53,11
2463,28,9740.32,10
2464,31,11517.56,11
2465,32,13519.07,11
2466,29,11269.60,12
2467,29,14367.23,9
2468,34,13667.39,11
2469,33,15570.95,6
2470,38,17708.09,13
2471,22,6667.31,4
2472,27,12672.39,8
2473,30,10811.10,7
2474,37,20469.99,4
2475,32,11063.19,11
2476,32,13493.14,12
2477,34,19133.59,11
2478,29,10892.67,5
2479,27,20562.59,9
2480,26,11412.42,9
2481,32,14740.08,7
2482,28,11518.89,8
2483,30,15354.62,12
2484,34,15494.21,8
2485,38,19229.95,12
2486,37,16951.90,16
2487,34,17183.17,8
2488,28,10895.55,9
2489,39,23986.17,9
2490,33,13198.58,8
2491,25,14940.83,2
2492,43,24325.64,12
2493,40,20943.63,14
2494,23,13404.69,6
2495,38,16244.34,13
2496,31,13383.47,11
2497,30,12059.24,11
2498,30,12662.01,8
2499,19,11918.88,8
2500,22,8335.46,3
2501,23,14081.20,11
2502,27,17326.80,5
2503,33,15376.63,7
2504,19,4281.47,7
2505,24,11302.60,7
2506,30,9535.89,14
2507,22,7963.74,4
2508,31,13349.17,11
2509,35,11958.62,10
2510,20,11971.46,6
2511,30,13602.39,9
2512,31,11846.55,5
2513,32,14959.57,10
2514,32,11597.53,8
2515,32,13902.40,8
2516,30,13592.50,6
2517,32,13321.55,7
2518,36,13253.16,9
2519,24,6555.72,8
2520,31,19722.54,8
2521,29,12640.34,7
2522,26,10236.62,10
2523,20,8469.73,9
2524,20,13824.16,4
2525,32,13249.56,6
2526,25,11632.31,8
2527,27,14686.19,7
2528,30,19151.88,8
2529,27,13808.37,9
2530,30,11269.83,6
2531,29,13622.71,5
2532,23,14921.04,7
2533,29,13686.20,7
2534,31,12757.73,10
2535,25,8421.50,6
2536,40,15783.26,12
2537,23,7615.38,7
2538,27,10897.34,9
2539,33,14554.22,7
2540,41,25852.20,10
2541,33,14954.06,9
2542,28,17877.99,5
2543,31,15039.54,11
2544,25,13368.98,8
2545,32,21634.96,9
2546,23,10008.49,3
2547,33,13652.98,6
2548,29,22948.82,10
2549,36,22420.54,15
2550,22,11504.66,8
2551,31,12654.62,12
2552,24,15221.33,9
2553,26,13358.02,9
2554,24,12906.55,7
2555,27,9409.05,6
2556,25,9199.35,7
2557,26,15343.63,10
2558,37,17076.77,15
2559,28,14035.25,5
2560,17,6419.43,4
2561,36,19484.47,10
2562,30,16607.33,9
2563,36,18183.00,9
2564,27,11880.02,11
2565,30,13992.01,4
2566,35,17740.32,8
2567,29,11386.01,11
2568,28,12517.69,4
2569,34,12827.40,12
2570,32,19935.96,10
2571,26,12013.98,12
2572,31,18672.95,9
2573,31,15528.58,9
2574,28,16710.82,4
2575,42,19668.71,16
2576,26,11240.46,10
2577,33,12084.17,11
2578,23,6014.79,4
2579,31,15912.00,8
2580,21,8813.75,7
2581,31,11601.44,14
2582,31,14105.45,11
2583,36,19869.85,8
2584,27,12964.40,5
2585,22,8877.93,7
2586,19,6241.87,4
2587,28,10976.59,10
2588,24,13024.24,7
2589,18,7288.26,2
2590,32,13873.91,11
2591,31,14145.02,11
2592,40,19151.12,12
2593,28,9819.61,6
2594,34,16725.40,12
2595,21,7081.71,8
2596,26,10740.45,6
2597,28,18230.09,10
2598,36,19368.23,9
2599,30,12190.61,8
2600,30,13717.08,8
2601,34,14585.53,11
2602,44,15112.10,11
2603,32,13394.28,13
2604,29,12723.72,5
2605,26,10015.41,9
2606,28,8632.23,8
2607,39,18284.41,12
2608,35,17517.97,10
2609,29,15621.04,11
2610,21,9460.52,4
2611,21,10359.15,10
2612,31,13004.75,5
2613,32,10985.90,9
2614,27,15398.60,7
2615,25,16742.05,4
2616,32,16125.98,9
2617,28,8073.73,11
2618,29,11310.61,9
2619,25,13608.59,8
2620,26,12903.29,9
2621,32,10624.54,12
2622,35,21719.88,9
2623,32,21871.36,10
2624,25,10641.37,10
2625,24,11188.17,5
2626,27,6261.01,8
2627,34,14955.13,10
2628,24,8645.67,13
2629,21,11290.46,4
2630,31,12822.76,8
2631,24,12028.44,11
2632,20,6487.92,8
2633,32,22644.27,11
2634,30,11023.44,7
2635,33,14529.69,11
2636,29,13336.10,12
2637,37,14863.11,11
2638,36,14816.43,11
2639,27,9907.79,12
2640,32,9260.87,13
2641,33,12596.77,9
2642,36,17357.97,13
2643,17,6939.93,3
2644,25,13314.83,8
2645,41,24197.51,12
2646,39,19410.94,11
2647,32,19084.29,13
2648,23,14498.56,7
2649,35,19619.17,6
2650,38,17733.64,13
2651,30,15405.80,7
2652,31,12904.50,11
2653,31,11923.28,7
2654,23,10050.03,9
2655,21,8966.39,5
2656,30,13023.04,9
2657,33,21816.50,8
2658,30,10316.23,9
2659,22,10953.44,8
2660,42,20797.96,13
2661,34,22906.15,12
2662,42,18073.14,13
2663,23,10971.91,7
2664,25,11872.49,5
2665,21,7484.50,8
2666,32,15358.41,5
2667,28,6610.37,7
2668,20,10372.81,7
2669,33,16633.09,10
2670,32,16541.40,6
2671,35,19282.08,10
2672,27,17144.56,11
2673,40,24466.09,14
2674,33,15033.79,11
2675,28,10413.93,9
2676,33,11903.33,10
2677,31,13433.41,7
2678,34,14381.35,17
2679,24,14973.99,10
2680,29,10273.19,9
2681,28,16353.49,5
2682,28,12579.80,11
2683,26,14764.47,9
2684,33,18253.99,7
2685,35,18890.16,8
2686,28,14656.99,7
2687,31,14984.78,12
2688,27,10611.25,6
2689,25,13009.85,5
2690,27,8436.34,10
2691,35,13334.27,8
2692,29,11863.49,9
2693,34,13720.95,9
2694,22,8127.56,6
2695,33,17196.98,12
2696,29,16814.67,5
2697,23,11374.37,10
2698,35,19163.62,10
2699,33,18804.63,10
2700,31,17001.43,5
2701,23,9125.52,9
2702,25,9729.21,9
2703,25,10778.58,7
2704,30,14588.55,6
2705,46,25582.02,16
2706,31,10606.10,9
2707,33,18207.37,10
2708,32,8433.11,7
2709,33,18924.50,5
2710,23,9444.83,4
2711,29,12970.24,9
2712,24,12914.93,7
2713,38,14687.12,13
2714,31,15403.45,8
2715,23,16689.46,6
2716,32,14285.24,11
2717,42,14757.60,7
2718,28,13418.22,7
2719,27,13279.94,12
2720,42,19575.70,7
2721,20,8090.85,3
2722,28,13267.18,10
2723,27,14302.74,10
2724,32,13238.89,6
2725,23,11159.33,6
2726,34,16975.12,11
2727,35,13575.48,13
2728,30,15124.03,6
2729,30,14051.37,8
2730,24,9092.40,7
2731,35,20218.41,8
2732,32,9709.78,11
2733,41,17128.04,11
2734,28,9865.36,7
2735,30,16302.08,5
2736,35,17679.81,11
2737,31,17274.64,13
2738,24,10526.13,8
2739,37,19602.96,11
2740,35,19448.90,8
2741,29,14323.16,5
2742,26,10815.97,8
2743,22,13315.61,7
2744,30,12190.82,7
2745,29,13618.02,10
2746,28,13650.22,8
2747,32,13549.67,8
2748,24,13581.61,9
2749,31,8243.65,9
2750,30,12282.91,12
2751,24,7355.71,3
2752,28,15560.89,10
2753,28,12641.69,8
2754,28,16624.22,5
2755,27,10040.88,10
2756,35,14440.65,11
2757,24,12907.44,10
2758,21,6944.20,8
2759,30,16151.09,7
2760,37,17978.50,8
2761,32,11367.64,12
2762,31,11149.93,11
2763,28,14163.55,10
2764,30,7984.51,10
2765,33,20755.59,7
2766,27,11544.69,6
2767,21,9629.14,8
2768,36,19715.81,11
2769,41,14043.69,14
2770,29,12941.62,5
2771,23,8508.34,8
2772,24,6669.12,7
2773,24,9933.86,9
2774,28,13339.53,12
2775,31,15785.34,4
2776,25,12343.60,11
2777,36,22059.62,9
2778,32,20641.37,8
2779,45,15943.22,12
2780,22,11642.47,7
2781,27,15328.96,7
2782,29,13184.11,8
2783,32,12559.79,13
2784,34,14653.29,8
2785,20,6951.05,7
2786,29,11679.44,11
2787,26,13084.97,11
2788,38,21994.38,10
2789,28,21942.53,5
2790,29,13223.68,12
2791,30,12374.75,10
2792,22,10193.68,4
2793,27,12925.15,6
2794,32,18588.00,12
2795,51,29701.18,17
2796,32,22897.73,9
2797,27,9262.89,6
2798,25,9958.09,9
2799,27,12345.63,10
2800,34,19229.66,12
2801,33,15024.45,11
2802,24,11916.03,5
2803,32,13473.49,9
2804,34,12319.53,13
2805,32,18070.18,8
2806,23,8494.44,8
2807,26,13132.30,10
2808,34,16328.56,8
2809,32,11192.69,9
2810,28,7300.87,6
2811,42,18025.20,14
2812,35,17524.02,8
2813,36,12060.63,8
2814,39,20548.60,14
2815,33,8552.49,13
2816,34,16955.77,7
2817,36,21751.65,13
2818,31,17100.74,14
2819,24,12287.63,8
2820,37,21180.05,10
2821,29,10788.31,7
2822,31,13126.47,6
2823,30,12451.54,7
2824,26,9671.04,10
2825,26,12105.16,8
2826,26,8215.42,5
2827,26,14630.46,10
2828,26,13528.37,6
2829,35,19275.14,8
2830,23,10277.47,11
2831,28,13286.11,7
2832,31,15531.11,12
2833,29,12743.79,6
2834,34,13393.59,9
2835,44,19676.83,15
2836,27,10586.12,6
2837,29,12851.90,7
2838,25,14392.15,3
2839,32,11532.93,11
2840,30,16250.23,10
2841,26,9845.13,7
2842,31,13666.45,8
2843,31,18582.60,5
2844,27,11429.37,7
2845,37,16305.12,11
2846,33,12747.58,10
2847,28,13583.19,9
2848,31,21434.41,6
2849,26,12462.47,8
2850,26,10619.83,3
2851,29,8072.96,7
2852,24,10753.23,5
2853,31,11425.90,5
2854,41,20345.83,13
2855,24,7152.72,3
2856,21,11443.78,8
2857,23,11479.90,9
2858,31,13875.05,12
2859,31,17442.40,12
2860,31,19130.76,11
2861,28,10671.76,8
2862,23,8316.18,10
2863,37,18142.68,9
2864,32,16293.87,13
2865,37,18900.96,13
2866,28,10875.11,10
2867,30,20536.73,10
2868,25,13188.53,6
2869,30,15907.60,11
2870,31,17396.30,10
2871,30,13156.00,11
2872,18,6047.47,5
2873,28,10523.35,6
2874,30,11627.71,7
2875,34,18541.68,9
2876,30,19266.84,11
2877,43,21001.86,10
2878,37,21169.85,8
2879,29,14362.62,12
2880,28,11190.38,7
2881,35,18311.97,8
2882,30,14164.46,11
2883,16,10212.84,3
2884,33,14003.82,10
2885,32,16535.09,10
2886,39,15345.04,13
2887,28,12439.51,13
2888,24,9476.43,6
2889,27,11655.50,7
2890,31,14116.11,7
2891,29,8066.03,8
2892,21,8865.12,10
2893,25,8613.33,6
2894,18,7710.39,2
2895,35,16699.32,14
2896,24,11410.69,7
2897,33,13884.80,8
2898,22,9812.26,7
2899,25,10744.82,2
2900,41,17220.31,16
2901,28,11223.63,6
2902,26,14052.27,7
2903,28,12906.42,11
2904,36,14837.38,10
2905,15,7790.35,6
2906,30,13674.70,11
2907,34,17757.23,12
2908,34,13145.31,15
2909,31,17880.99,6
2910,21,11314.41,6
2911,23,12711.53,7
2912,34,15412.31,14
2913,32,18958.66,10
2914,36,15564.51,7
2915,30,9012.47,9
2916,26,9002.21,9
2917,35,16784.76,13
2918,23,14564.17,6
2919,29,12800.61,7
2920,30,16179.80,6
2921,28,11851.26,7
2922,29,8655.74,6
2923,36,17524.96,13
2924,27,10773.67,6
2925,20,7666.73,7
2926,28,13804.45,8
2927,23,13060.65,4
2928,29,8623.42,4
2929,22,8566.47,6
2930,28,12495.36,11
2931,32,9725.60,12
2932,31,12826.32,9
2933,21,8485.58,8
2934,28,12988.33,9
2935,35,16025.31,7
2936,32,17034.76,12
2937,36,17158.77,6
2938,31,15723.57,10
2939,24,10080.98,7
2940,28,13845.18,11
2941,29,11712.83,6
2942,31,10943.79,9
2943,17,10343.61,3
2944,22,9293.81,7
2945,32,13138.58,9
2946,27,12723.00,8
2947,35,14830.87,10
2948,21,7054.66,5
2949,21,8731.29,5
2950,29,13438.03,11
2951,30,13547.67,12
2952,35,15642.65,12
2953,34,14690.50,9
2954,36,11855.40,9
2955,27,10136.59,8
2956,30,10087.65,8
2957,31,15631.55,6
2958,24,11968.15,5
2959,32,12468.06,11
2960,30,12697.66,9
2961,27,9726.22,13
2962,36,13421.02,4
2963,19,5387.02,7
2964,26,12175.14,7
2965,28,11523.16,8
2966,37,14141.20,10
2967,31,17428.81,8
2968,26,10176.85,9
2969,30,9805.69,13
2970,30,11858.68,8
2971,40,19855.38,14
2972,26,12238.09,7
2973,27,10543.68,8
2974,32,17853.99,9
2975,26,8486.66,10
2976,35,12224.01,10
2977,24,12764.34,7
2978,26,11139.03,9
2979,31,10676.83,10
2980,25,14827.15,5
2981,27,10657.24,6
2982,36,14438.92,10
2983,28,13468.21,10
2984,31,16523.17,10
2985,32,12232.77,10
2986,27,10887.53,8
2987,27,10566.77,5
2988,25,11232.20,7
2989,31,13085.71,9
2990,39,19986.98,7
2991,20,12676.35,9
2992,21,7646.84,6
2993,29,12564.93,5
2994,27,11627.18,8
2995,32,16141.26,12
2996,26,15201.45,6
2997,47,20977.86,14
2998,34,16124.76,10
2999,31,14854.85,6
3000,32,14548.49,5
3001,29,8670.72,13
3002,27,14230.10,8
3003,39,19531.87,8
3004,27,16790.85,6
3005,22,10610.39,6
3006,29,19642.26,10
3007,23,12278.11,6
3008,28,14009.01,8
3009,32,16076.54,11
3010,34,13482.82,8
3011,24,12349.97,4
3012,21,10423.16,8
3013,28,10098.62,9
3014,37,24641.34,14
3015,30,10816.40,12
3016,28,12105.97,9
3017,33,12677.95,8
3018,27,10332.27,5
3019,35,20193.67,8
3020,26,11472.36,7
3021,27,9386.03,11
3022,20,11835.67,2
3023,31,11636.63,12
3024,34,16807.20,5
3025,23,9364.92,4
3026,29,9515.85,10
3027,31,20606.02,7
3028,26,13693.78,8
3029,27,13120.73,9
3030,34,15113.90,8
3031,24,14404.54,7
3032,35,11901.59,17
3033,35,19657.76,7
3034,23,12624.92,9
3035,39,21678.44,11
3036,31,13531.23,10
3037,33,11755.50,16
3038,26,13996.51,7
3039,31,9862.55,11
3040,28,13346.24,9
3041,33,18936.66,11
3042,33,14175.14,7
3043,26,15412.29,6
3044,32,14696.28,9
3045,39,12629.32,10
3046,24,9781.93,8
3047,32,14179.19,14
3048,37,19009.29,16
3049,33,10995.14,11
3050,29,13176.23,8
3051,38,14728.69,12
3052,40,16507.82,13
3053,31,14405.90,10
3054,29,13444.88,10
3055,25,11320.47,8
3056,36,18052.98,14
3057,27,14383.81,9
3058,36,18563.97,13
3059,24,11566.93,7
3060,31,15919.59,9
3061,34,19492.60,12
3062,28,13973.47,9
3063,57,28906.01,23
3064,35,13157.32,6
3065,36,16623.58,13
3066,25,15963.27,8
3067,31,17374.15,6
3068,34,18574.15,10
3069,29,16501.01,9
3070,17,5298.95,4
3071,30,12741.37,14
3072,31,16057.61,5
3073,32,16632.58,14
3074,25,11355.76,7
3075,24,10761.33,9
3076,27,10297.64,8
3077,27,9384.05,7
3078,32,10381.33,9
3079,25,9040.76,8
3080,30,13718.31,10
3081,34,16595.92,10
3082,38,23756.64,11
3083,26,11767.25,7
3084,28,10326.35,8
3085,21,18607.42,10
3086,36,11725.77,7
3087,39,14689.43,12
3088,34,17808.79,14
3089,24,11333.26,5
3090,28,17543.92,9
3091,28,13347.61,10
3092,28,12754.47,8
3093,30,13121.81,13
3094,31,14991.79,12
3095,27,14192.59,4
3096,20,6251.01,6
3097,35,13221.78,8
3098,27,15376.53,11
3099,26,10887.61,7
3100,32,14340.58,11
3101,21,10836.08,9
3102,30,17668.80,10
3103,21,8406.30,5
3104,34,11563.43,13
3105,28,16043.53,5
3106,23,11981.87,8
3107,29,15171.40,12
3108,32,13799.99,9
3109,24,14100.80,6
3110,26,12732.44,8
3111,37,22361.76,7
3112,24,8296.36,4
3113,28,12754.15,10
3114,36,13059.73,8
3115,26,9604.53,4
3116,37,14929.98,12
3117,32,15520.38,10
3118,44,18136.91,12
3119,36,13399.37,9
3120,21,8741.73,5
3121,29,13670.79,9
3122,36,13684.31,7
3123,20,5752.43,5
3124,30,15666.20,10
3125,35,18610.83,11
3126,27,9926.59,6
3127,23,14555.36,8
3128,39,17593.02,13
3129,33,12316.09,13
3130,28,11192.17,5
3131,30,14931.93,11
3132,17,9870.94,8
3133,26,12426.95,4
3134,31,16064.41,7
3135,29,12954.79,13
3136,32,19033.01,12
3137,22,8282.52,7
3138,36,14984.91,11
3139,23,11915.90,3
3140,19,9387.00,6
3141,31,14600.62,10
3142,33,19754.36,8
3143,25,13928.82,7
3144,36,14243.57,9
3145,30,15962.71,5
3146,36,15548.17,14
3147,36,14620.94,14
3148,25,12933.66,8
3149,33,13106.86,9
3150,30,12385.52,14
3151,32,12547.25,14
3152,31,12818.50,9
3153,26,9706.30,9
3154,48,22261.90,16
3155,35,12051.54,5
3156,27,10754.11,10
3157,28,12306.68,11
3158,34,10552.98,8
3159,29,10045.09,9
3160,29,11165.29,9
3161,25,8733.20,11
3162,29,16703.18,11
3163,22,14180.69,8
3164,32,15254.93,8
3165,32,16473.44,8
3166,30,12983.40,10
3167,29,12575.23,10
3168,31,13031.06,10
3169,36,22178.16,10
3170,25,10005.64,8
3171,36,15524.05,13
3172,24,10198.08,12
3173,27,10281.97,9
3174,33,15891.40,11
3175,28,19442.30,11
3176,29,10097.50,11
3177,33,15864.83,10
3178,28,12740.37,6
3179,34,18421.74,12
3180,35,16207.54,15
3181,22,6739.34,10
3182,37,16016.70,10
3183,33,10207.57,6
3184,27,14770.02,6
3185,35,18171.75,8
3186,29,10391.21,7
3187,18,12537.81,7
3188,36,16486.48,13
3189,32,12248.93,10
3190,35,19770.75,11
3191,20,9515.37,7
3192,27,14272.71,10
3193,25,7079.18,5
3194,32,12273.31,6
3195,42,28577.88,10
3196,20,7926.30,8
3197,22,9734.90,5
3198,31,12446.15,11
3199,30,17759.10,10
3200,36,15666.10,11
3201,34,18234.40,8
3202,23,13235.25,5
3203,29,12860.16,11
3204,39,21117.52,11
3205,23,15859.64,7
3206,25,8452.30,7
3207,42,19190.20,12
3208,49,21681.36,15
3209,32,16072.19,11
3210,27,13746.74,8
3211,28,19177.11,10
3212,32,13742.44,6
3213,41,19843.66,15
3214,26,14306.88,8
3215,23,11456.67,5
3216,32,7629.25,6
3217,33,20523.95,14
3218,29,8429.91,6
3219,25,11032.32,7
3220,26,11170.27,12
3221,29,11402.50,7
3222,32,17444.12,12
3223,21,10895.74,6
3224,24,10824.56,6
3225,25,16438.04,9
3226,27,8721.35,5
3227,50,21945.49,16
3228,22,10931.62,6
3229,37,20688.14,8
3230,28,11291.94,13
3231,27,11552.28,12
3232,19,9870.38,3
3233,35,17939.98,11
3234,31,16145.32,9
3235,28,14392.58,9
3236,19,11932.67,4
3237,31,14536.33,8
3238,27,13371.92,9
3239,26,11417.95,6
3240,30,11959.61,8
3241,32,12095.13,9
3242,27,10539.80,10
3243,35,22118.11,11
3244,17,8719.23,7
3245,35,14880.53,10
3246,28,13066.71,10
3247,31,19123.58,7
3248,29,12298.79,11
3249,23,16106.79,5
3250,35,13861.69,11
3251,26,9176.54,6
3252,27,12305.59,12
3253,29,13650.54,8
3254,27,11887.70,5
3255,31,13874.26,11
3256,29,15915.22,10
3257,35,14057.64,11
3258,24,11474.90,10
3259,33,16653.73,10
3260,35,15386.27,10
3261,30,20647.66,11
3262,35,14667.36,12
3263,25,13076.24,1
3264,35,16355.00,7
3265,35,11588.50,11
3266,28,15970.64,6
3267,27,20198.33,10
3268,31,16984.54,8
3269,21,11912.59,5
3270,28,11106.24,13
3271,29,15708.23,8
3272,33,16983.68,12
3273,30,13473.93,11
3274,26,8457.82,8
3275,26,12123.12,7
3276,38,20813.39,10
3277,36,14932.21,9
3278,30,14271.40,8
3279,24,11054.95,6
3280,41,19888.86,15
3281,36,23119.26,8
3282,28,14532.23,10
3283,38,15931.10,9
3284,35,15482.12,8
3285,30,10475.17,8
3286,28,12398.34,13
3287,38,18687.27,13
3288,26,15493.61,8
3289,27,14162.08,8
3290,29,14941.97,6
3291,29,10342.31,6
3292,25,14076.79,10
3293,37,15849.10,11
3294,25,16838.40,6
3295,30,16142.04,10
3296,28,10886.74,9
3297,28,13565.90,9
3298,28,8080.04,9
3299,40,23257.92,13
3300,31,15901.33,10
3301,35,16370.18,9
3302,36,14280.62,10
3303,38,13737.20,14
3304,31,14966.41,12
3305,26,9571.86,3
3306,30,16685.88,9
3307,32,13182.46,10
3308,28,13441.59,9
3309,30,9359.66,7
3310,37,21030.29,8
3311,34,17413.79,8
3312,28,15286.02,8
3313,29,11898.78,11
3314,28,13810.28,8
3315,27,13281.85,9
3316,33,16090.32,10
3317,23,11886.31,6
3318,29,10681.87,15
3319,34,17495.82,9
3320,31,14528.04,9
3321,24,8310.61,7
3322,33,18628.07,9
3323,38,17433.48,16
3324,38,16570.17,11
3325,28,12169.04,7
3326,48,21932.72,16
3327,25,9982.43,4
3328,40,17055.63,9
3329,35,15256.59,17
3330,36,14645.93,14
3331,27,14341.32,9
3332,28,13555.66,10
3333,25,10824.16,4
3334,28,18316.28,11
3335,32,10883.47,10
3336,31,16373.17,9
3337,22,10778.90,7
3338,26,11939.48,7
3339,37,17257.32,9
3340,26,7559.33,6
3341,26,9454.74,6
3342,30,18642.03,14
3343,28,16855.47,10
3344,33,15730.83,9
3345,38,17703.87,8
3346,24,9222.97,6
3347,31,14843.51,9
3348,21,9529.18,4
3349,18,9062.73,5
3350,32,14752.02,7
3351,37,15631.67,11
3352,25,17670.77,7
3353,27,15490.34,9
3354,33,23712.28,8
3355,34,13645.56,16
3356,34,16705.49,10
3357,42,16093.41,14
3358,33,13364.55,10
3359,28,14730.59,13
3360,27,11337.42,9
3361,25,10927.02,7
3362,48,15807.95,14
3363,26,11906.78,11
3364,27,15667.58,12
3365,26,13213.35,11
3366,36,14647.50,11
3367,27,16585.20,3
3368,33,10332.40,12
3369,32,14852.33,12
3370,34,10135.56,12
3371,23,7315.52,9
3372,29,17694.88,9
3373,27,11792.62,6
3374,23,6049.88,7
3375,35,18623.84,12
3376,29,12046.67,11
3377,32,18790.88,8
3378,28,14312.52,8
3379,30,15974.04,10
3380,28,16356.33,8
3381,29,16186.28,14
3382,26,10681.72,8
3383,34,17167.87,8
3384,44,23444.63,12
3385,27,9845.62,9
3386,24,10472.86,7
3387,23,9115.03,12
3388,44,17889.67,13
3389,31,14782.19,11
3390,33,17196.00,12
3391,24,11139.49,6
3392,27,18620.44,7
3393,30,13457.57,8
3394,24,9706.29,10
3395,30,18186.30,7
3396,26,10658.65,9
3397,25,17125.28,6
3398,24,8520.79,6
3399,23,7894.23,6
3400,28,8670.57,7
3401,44,21299.41,17
3402,35,16302.12,7
3403,27,9825.58,9
3404,29,19834.87,7
3405,32,13362.62,11
3406,32,7113.31,11
3407,38,22940.98,14
3408,33,11975.01,11
3409,31,13390.87,8
3410,29,16899.70,9
3411,32,16281.43,8
3412,37,18374.42,8
3413,36,18350.17,11
3414,26,15647.16,7
3415,33,14696.58,9
3416,32,13689.66,16
3417,33,12732.02,12
3418,30,14486.03,9
3419,32,14443.05,15
3420,22,12181.70,9
3421,30,15118.27,12
3422,26,11500.60,4
3423,23,10031.07,7
3424,26,10498.45,8
3425,20,11023.39,6
3426,30,10484.06,10
3427,25,9192.49,9
3428,34,17342.22,9
3429,26,10867.80,7
3430,36,12557.43,15
3431,36,19747.69,10
3432,22,7963.18,5
3433,28,9821.44,13
3434,26,15051.10,6
3435,32,13571.78,8
3436,25,10619.80,7
3437,28,9901.31,7
3438,44,21399.30,15
3439,19,11463.83,5
3440,22,8954.52,8
3441,26,9573.48,9
3442,34,17488.22,8
3443,30,16675.88,9
3444,25,10393.11,7
3445,24,11344.57,9
3446,38,20147.75,13
3447,39,13788.03,10
3448,24,10540.36,7
3449,30,14060.52,14
3450,28,15149.90,9
3451,31,12926.70,15
3452,23,13041.86,7
3453,35,15057.67,15
3454,40,18849.42,10
3455,36,14985.60,9
3456,36,15197.78,10
3457,35,14739.44,13
3458,34,16889.97,15
3459,32,9991.45,10
3460,29,16245.90,8
3461,29,14434.32,8
3462,28,9238.65,8
3463,44,21425.97,16
3464,23,11640.15,9
3465,30,17218.93,9
3466,35,16947.36,9
3467,34,15456.07,9
3468,26,12773.63,8
3469,33,11803.82,9
3470,42,19372.70,12
3471,25,9531.27,6
3472,35,20536.85,11
3473,27,11854.42,10
3474,30,10971.27,10
3475,33,20484.96,13
3476,35,18792.23,12
3477,32,16871.75,10
3478,20,7823.33,5
3479,38,20272.32,8
3480,40,13551.23,20
3481,43,17997.13,17
3482,32,14584.86,10
3483,28,17910.24,9
3484,23,8168.32,6
3485,26,12964.49,10
3486,30,16636.96,9
3487,32,11225.45,11
3488,33,9310.35,9
3489,49,27301.13,15
3490,32,15222.53,4
3491,30,15420.75,7
3492,20,9369.23,4
3493,29,12349.32,12
3494,28,13895.46,5
3495,33,14094.10,15
3496,49,22615.29,14
3497,29,12244.14,8
3498,23,14129.32,8
3499,37,17320.03,12
3500,23,12801.19,7
3501,28,8116.60,7
3502,35,17017.74,12
3503,29,10879.79,12
3504,42,19652.53,9
3505,32,11348.44,9
3506,38,13381.78,14
3507,26,11833.81,7
3508,32,15783.10,12
3509,37,22598.63,16
3510,34,10726.61,8
3511,29,10774.36,9
3512,16,9508.80,6
3513,32,12829.48,11
3514,34,22911.17,8
3515,23,11173.75,8
3516,33,19227.23,9
3517,36,15212.94,14
3518,34,18755.27,10
3519,21,11279.65,5
3520,22,10823.33,8
3521,40,30244.33,10
3522,32,15605.25,12
3523,32,15426.37,9
3524,33,15034.94,12
3525,29,14234.36,9
3526,31,12859.49,5
3527,29,13561.32,13
3528,30,15480.19,11
3529,26,9469.11,10
3530,30,11315.92,8
3531,27,20622.92,9
3532,33,12423.26,13
3533,26,12357.94,7
3534,30,22914.80,8
3535,35,19078.61,9
3536,31,11060.65,9
3537,31,15208.70,9
3538,33,13815.46,11
3539,19,7439.99,6
3540,32,12939.45,14
3541,31,11548.37,10
3542,26,11354.24,8
3543,36,14601.54,7
3544,27,10669.34,5
3545,26,8732.05,8
3546,27,7897.76,6
3547,29,13327.48,8
3548,31,14260.59,7
3549,36,16756.65,11
3550,35,20338.54,12
3551,31,13232.06,8
3552,33,15420.78,8
3553,25,12378.35,12
3554,29,12659.88,8
3555,32,15097.71,5
3556,33,19425.17,10
3557,36,19823.19,9
3558,36,16383.98,13
3559,35,21103.18,10
3560,36,16359.91,11
3561,35,12961.26,12
3562,31,18511.35,5
3563,37,11700.68,10
3564,36,15815.65,12
3565,36,21603.86,16
3566,29,19046.60,11
3567,36,20157.54,8
3568,15,6420.55,6
3569,23,8875.89,8
3570,32,19482.74,12
3571,30,15780.69,10
3572,43,27311.30,17
3573,37,15133.15,13
3574,25,10067.28,13
3575,19,14298.95,2
3576,27,10763.26,8
3577,36,14468.96,7
3578,29,7935.81,5
3579,41,21908.09,13
3580,29,18196.23,8
3581,33,15028.47,12
3582,26,10839.86,9
3583,25,16410.20,2
3584,39,22942.86,13
3585,33,23504.42,11
3586,47,21484.14,10
3587,29,19440.37,4
3588,33,17574.01,10
3589,29,15534.36,6
3590,18,8972.37,8
3591,35,19165.75,9
3592,37,18155.06,12
3593,35,9943.58,13
3594,26,7794.13,4
3595,22,11185.74,8
3596,32,7795.54,11
3597,34,14279.51,9
3598,33,17177.11,7
3599,29,13724.36,8
3600,25,11082.33,3
3601,31,13481.08,13
3602,39,16876.24,13
3603,24,11627.55,7
3604,26,8997.59,11
3605,39,16620.88,17
3606,32,15607.16,11
3607,30,12019.24,12
3608,39,16624.44,14
3609,31,13613.65,8
3610,27,10887.99,6
3611,35,16096.84,7
3612,35,16198.89,16
3613,26,11195.63,7
3614,31,14758.14,12
3615,35,17922.21,10
3616,38,19928.85,12
3617,23,11644.20,5
3618,23,9846.88,8
3619,29,11839.77,12
3620,29,12940.25,14
3621,22,9250.91,4
3622,28,9536.92,10
3623,33,13188.78,6
3624,27,11606.04,8
3625,25,11916.65,6
3626,29,14766.77,7
3627,31,11140.08,7
3628,36,18448.53,14
3629,35,15968.08,9
3630,26,14573.38,5
3631,30,12404.03,11
3632,21,5964.21,8
3633,34,18009.19,11
3634,24,13246.67,8
3635,42,18414.49,13
3636,37,14568.73,11
3637,35,18525.91,12
3638,38,14089.37,6
3639,29,14489.31,9
3640,38,16317.11,13
3641,35,12579.22,14
3642,27,9563.32,5
3643,33,16656.97,13
3644,26,15600.69,4
3645,28,16154.07,9
3646,25,17187.67,9
3647,24,10618.11,7
3648,23,9847.08,9
3649,25,10425.32,9
3650,23,8759.61,8
3651,29,14247.45,10
3652,41,20111.76,11
3653,29,14985.64,8
3654,27,15263.13,7
3655,30,15669.74,6
3656,28,15386.44,5
3657,29,13298.08,5
3658,39,14942.96,10
3659,22,11835.86,12
3660,29,12397.03,5
3661,27,10764.59,9
3662,36,18703.91,11
3663,29,11539.58,5
3664,26,11644.38,7
3665,32,16780.13,6
3666,19,9037.73,7
3667,23,13685.55,5
3668,26,14587.02,6
3669,34,26611.92,11
3670,28,10094.41,13
3671,26,16831.22,6
3672,39,23760.82,8
3673,36,15429.90,16
3674,28,10519.79,7
3675,26,10128.55,8
3676,34,9699.36,11
3677,35,18862.39,8
3678,32,13868.21,8
3679,28,12638.09,7
3680,30,11380.43,11
3681,31,17302.28,10
3682,26,13530.76,6
3683,32,16323.71,15
3684,32,15469.98,9
3685,24,12634.63,8
3686,27,12227.42,5
3687,35,14985.90,14
3688,42,22129.05,15
3689,22,12779.58,4
3690,39,17641.55,10
3691,36,20245.09,7
3692,25,13157.02,6
3693,22,11974.24,11
3694,32,16714.70,10
3695,32,14763.84,10
3696,35,13056.83,13
3697,33,15991.24,9
3698,40,18982.10,8
3699,39,14681.55,8
3700,33,12947.09,12
3701,30,10732.83,11
3702,23,9624.83,5
3703,31,13370.57,7
3704,34,11853.60,7
3705,26,12776.50,8
3706,39,24967.87,12
3707,31,15449.30,11
3708,25,14607.97,8
3709,23,14350.25,13
3710,34,19612.37,8
3711,27,17985.60,8
3712,34,13085.09,7
3713,37,16711.12,11
3714,24,12261.99,8
3715,31,18241.27,10
3716,21,10262.66,3
3717,32,17653.62,16
3718,35,11235.56,12
3719,30,14748.68,8
3720,31,15686.38,10
3721,37,16534.96,10
3722,27,12722.48,5
3723,33,13627.19,11
3724,26,10054.41,11
3725,25,8160.36,12
3726,33,13469.25,9
3727,31,15884.14,6
3728,29,12930.27,12
3729,29,10691.49,8
3730,29,7498.83,6
3731,22,7938.17,8
3732,31,13067.52,12
3733,38,18130.16,14
3734,31,13064.13,10
3735,31,15918.73,10
3736,25,9838.54,6
3737,27,14994.93,9
3738,26,14392.48,9
3739,28,17285.84,4
3740,33,16764.01,9
3741,25,9423.58,9
3742,29,12914.62,4
3743,24,9531.33,7
3744,34,14232.72,12
3745,31,17279.06,15
3746,24,10416.11,6
3747,46,19069.66,11
3748,24,8600.62,5
3749,27,9773.77,9
3750,27,10366.50,13
3751,32,12608.03,13
3752,25,10153.75,7
3753,30,10522.03,13
3754,24,12430.05,5
3755,36,15765.49,13
3756,34,15085.04,13
3757,36,15522.60,8
3758,29,14064.40,10
3759,29,11506.33,4
3760,28,16294.48,4
3761,29,18563.47,14
3762,25,10293.35,8
3763,21,7215.05,6
3764,24,6801.16,6
3765,22,13286.84,9
3766,31,10489.25,13
3767,30,12513.80,8
3768,34,22991.29,8
3769,28,12510.40,9
3770,24,11548.27,6
3771,31,17848.18,5
3772,30,14493.68,9
3773,24,10613.86,5
3774,27,13975.00,8
3775,32,14520.98,11
3776,32,15416.81,14
3777,37,17765.68,14
3778,30,8955.12,8
3779,32,16387.12,9
3780,24,9780.34,10
3781,18,11602.86,6
3782,26,9688.08,10
3783,21,9394.88,4
3784,26,13006.95,7
3785,39,22079.55,12
3786,29,10531.04,10
3787,29,14894.16,9
3788,21,11305.56,7
3789,39,18394.85,10
3790,31,15111.97,12
3791,29,13764.12,11
3792,28,13303.65,9
3793,32,18920.75,10
3794,28,13939.64,9
3795,31,15830.12,12
3796,26,18030.89,7
3797,30,15921.66,8
3798,19,10306.05,8
3799,29,11426.22,9
3800,34,18869.16,12
3801,26,12538.98,9
3802,24,11093.28,9
3803,37,18535.15,6
3804,32,18064.94,13
3805,32,17758.70,7
3806,29,12305.71,8
3807,33,19931.68,7
3808,33,14976.35,7
3809,28,14421.83,7
3810,28,11892.15,11
3811,32,14170.62,11
3812,23,8009.95,3
3813,25,9638.60,9
3814,31,18335.69,8
3815,31,18126.02,7
3816,25,8321.62,10
3817,37,15505.20,8
3818,33,15373.70,10
3819,20,7802.24,8
3820,22,9914.28,3
3821,29,11886.98,9
3822,23,14268.81,8
3823,24,7396.74,8
3824,34,14503.17,12
3825,30,13440.75,10
3826,43,20099.65,15
3827,22,8909.69,5
3828,36,17258.31,9
3829,30,15497.71,10
3830,32,15980.63,7
3831,26,13259.16,8
3832,17,5441.39,7
3833,34,11114.82,9
3834,33,13205.93,10
3835,27,11431.02,10
3836,30,17548.36,11
3837,25,17274.57,6
3838,26,7778.80,9
3839,32,16364.53,6
3840,31,16777.18,9
3841,25,16724.29,8
3842,27,12187.83,5
3843,30,18762.91,6
3844,35,15833.02,9
3845,29,12933.13,9
3846,32,13307.64,15
3847,32,18749.40,10
3848,23,10576.86,11
3849,27,17572.58,6
3850,31,13932.57,7
3851,34,12689.58,10
3852,27,16110.68,8
3853,37,18798.28,10
3854,30,13350.64,9
3855,29,11389.06,10
3856,26,11189.95,8
3857,28,15256.08,9
3858,20,9301.86,8
3859,35,18814.26,9
3860,33,13882.57,13
3861,20,8772.09,6
3862,22,10993.43,5
3863,26,12678.50,8
3864,27,8631.05,6
3865,25,9616.07,9
3866,35,16468.98,12
3867,30,9433.88,11
3868,30,11159.56,5
3869,39,16150.92,13
3870,33,11958.54,11
3871,27,11359.69,6
3872,31,13508.65,12
3873,26,11438.32,6
3874,24,9781.44,12
3875,31,16050.45,9
3876,28,12263.18,9
3877,33,13790.60,7
3878,35,12960.85,8
3879,37,17511.75,13
3880,40,13124.85,10
3881,31,11986.27,13
3882,21,6857.55,6
3883,28,9344.54,6
3884,41,16326.92,9
3885,25,11966.26,6
3886,27,13587.49,11
3887,31,13768.02,8
3888,29,13610.41,10
3889,27,10163.38,7
3890,28,14877.80,10
3891,16,6569.53,9
3892,27,12065.90,5
3893,28,14205.17,10
3894,26,12265.50,8
3895,26,9720.81,6
3896,20,10883.92,7
3897,28,9364.91,8
3898,27,12350.89,7
3899,25,10369.23,8
3900,19,11436.51,8
3901,35,14343.89,12
3902,27,13291.09,11
3903,28,19895.60,9
3904,25,8567.46,10
3905,29,14393.85,9
3906,31,17311.08,7
3907,39,19229.34,9
3908,26,11103.27,8
3909,26,6415.75,9
3910,32,13931.33,11
3911,24,8222.49,11
3912,27,12664.54,12
3913,35,16970.30,11
3914,37,15797.95,12
3915,29,12451.40,7
3916,36,13774.39,12
3917,37,16770.79,9
3918,29,13533.72,9
3919,31,7442.43,11
3920,31,10143.92,8
3921,30,13099.17,12
3922,31,12483.19,12
3923,26,10843.00,6
3924,33,15105.45,10
3925,23,8211.88,5
3926,27,13410.27,10
3927,35,15375.50,11
3928,31,13129.35,15
3929,28,12686.49,12
3930,30,11128.25,8
3931,38,13881.82,12
3932,40,24369.42,12
3933,25,13949.17,8
3934,25,11634.95,6
3935,22,9822.18,5
3936,31,12040.71,5
3937,23,8482.18,8
3938,37,15182.54,10
3939,18,13526.70,2
3940,37,12733.67,12
3941,27,10345.89,8
3942,23,10357.24,13
3943,29,15635.94,11
3944,28,11808.53,7
3945,34,18473.62,11
3946,34,13580.58,7
3947,30,17160.98,14
3948,33,17378.52,12
3949,21,5972.00,6
3950,29,20760.45,5
3951,26,11385.50,10
3952,30,15069.65,11
3953,24,8468.92,6
3954,22,17333.41,3
3955,26,8042.91,11
3956,36,16454.84,11
3957,29,20154.37,7
3958,36,21791.85,10
3959,26,7704.59,6
3960,34,14874.17,10
3961,30,17429.77,10
3962,24,13774.60,10
3963,30,11468.33,9
3964,27,13210.19,9
3965,30,11343.89,11
3966,27,9511.21,9
3967,25,13050.26,10
3968,28,12788.50,8
3969,30,17130.54,5
3970,37,17200.90,8
3971,36,21523.69,8
3972,28,12262.91,7
3973,34,14414.47,8
3974,27,10340.89,9
3975,24,12651.06,5
3976,26,11338.37,9
3977,27,14543.21,6
3978,25,8508.49,4
3979,36,15147.76,9
3980,17,6669.42,2
3981,32,17617.47,11
3982,36,16996.57,15
3983,39,19972.09,10
3984,30,16268.96,5
3985,34,17186.37,9
3986,31,13418.25,8
3987,29,10672.57,7
3988,32,20173.47,11
3989,23,8301.39,10
3990,32,13090.63,14
3991,27,12923.28,8
3992,29,9314.06,10
3993,21,12799.38,5
3994,31,11113.28,6
3995,32,19488.97,12
3996,27,12321.16,9
3997,25,12136.28,8
3998,31,12866.50,9
3999,29,12218.85,10
4000,29,13444.93,5
4001,27,9839.68,12
4002,25,13795.37,6
4003,41,22623.94,12
4004,42,18042.29,16
4005,31,14784.81,9
4006,23,6170.12,4
4007,24,13148.76,3
4008,30,14924.07,12
4009,25,12327.68,8
4010,37,23246.10,12
4011,34,17969.22,8
4012,36,19554.29,13
4013,37,14195.60,10
4014,40,17770.43,14
4015,45,22148.15,16
4016,36,18164.12,13
4017,21,6630.69,4
4018,25,12734.28,6
4019,21,13845.15,6
4020,29,11873.85,1
4021,30,9773.16,12
4022,34,14433.14,10
4023,40,20718.48,7
4024,37,16374.54,15
4025,36,15513.03,16
4026,26,15093.85,8
4027,27,14729.34,7
4028,27,16429.33,8
4029,29,12265.45,8
4030,37,21324.70,9
4031,31,15178.35,11
4032,39,14738.76,10
4033,27,10958.73,4
4034,29,17314.77,14
4035,46,19276.05,18
4036,27,11774.69,3
4037,27,12244.79,10
4038,24,13782.01,7
4039,23,9062.94,6
4040,29,9689.90,13
4041,23,9799.42,6
4042,30,11899.53,11
4043,24,10905.11,5
4044,27,15552.78,13
4045,23,9362.79,10
4046,36,17880.07,10
4047,28,14290.51,7
4048,21,9998.33,11
4049,37,20554.48,9
4050,31,19527.92,10
4051,32,19185.60,8
4052,30,11884.89,9
4053,29,10226.92,7
4054,30,13177.29,11
4055,31,16142.43,8
4056,15,4479.27,6
4057,29,17144.66,10
4058,33,15753.71,6
4059,38,24010.55,11
4060,28,11214.94,14
4061,26,9346.77,8
4062,42,19163.25,14
4063,29,16391.92,10
4064,28,16813.79,6
4065,27,11490.92,9
4066,32,13897.96,13
4067,30,13940.19,8
4068,29,19338.42,4
4069,32,17638.82,8
4070,32,14582.19,14
4071,31,14136.12,9
4072,27,10199.93,12
4073,28,12838.03,3
4074,31,17001.04,9
4075,28,13834.39,9
4076,30,15789.44,11
4077,20,7828.04,6
4078,33,14701.64,9
4079,32,12790.64,8
4080,21,11490.57,7
4081,25,9551.83,7
4082,21,11667.21,9
4083,23,9209.32,6
4084,29,13930.75,7
4085,37,20012.70,11
4086,36,11936.63,11
4087,27,13993.53,9
4088,28,11528.86,9
4089,27,12819.87,15
4090,33,19137.22,7
4091,24,7640.43,7
4092,32,17234.71,10
4093,36,16635.77,6
4094,28,8592.37,9
4095,29,11648.02,9
4096,26,13984.70,11
4097,36,18624.95,11
4098,33,17855.02,5
4099,32,20396.40,8
4100,23,14003.73,11
4101,28,15504.16,10
4102,45,22979.95,17
4103,24,8679.43,7
4104,33,17447.42,9
4105,28,14482.69,9
4106,25,9746.71,3
4107,30,11551.98,11
4108,28,12233.76,6
4109,29,13985.57,5
4110,30,17784.70,4
4111,34,17049.43,7
4112,39,21294.86,8
4113,37,14591.94,13
4114,38,15054.64,9
4115,25,8934.16,6
4116,36,15149.26,8
4117,27,10119.13,10
4118,42,20121.13,12
4119,32,17282.32,2
4120,24,9721.87,8
4121,33,17188.45,10
4122,25,11797.35,5
4123,22,9986.78,7
4124,21,5170.62,10
4125,46,24669.90,15
4126,38,20068.50,10
4127,32,12101.69,9
4128,25,12670.38,12
4129,25,13747.54,7
4130,16,5805.37,7
4131,26,11932.21,7
4132,35,19012.84,10
4133,30,12094.61,11
4134,25,13792.96,5
4135,30,17757.82,7
4136,27,12296.28,9
4137,34,11189.57,14
4138,15,5658.60,5
4139,25,13625.06,8
4140,28,15191.12,10
4141,36,14429.99,16
4142,26,13755.18,5
4143,30,11996.08,7
4144,32,11107.19,8
4145,33,14457.56,11
4146,39,12143.53,12
4147,31,15309.58,15
4148,36,17486.24,13
4149,30,14475.51,13
4150,25,14067.57,6
4151,49,17400.06,14
4152,23,9832.26,7
4153,24,11616.06,9
4154,22,7953.19,7
4155,23,11080.75,6
4156,36,17886.19,12
4157,27,8630.92,5
4158,30,11140.96,7
4159,19,8440.81,4
4160,35,13684.54,10
4161,27,11386.43,5
4162,29,14564.10,7
4163,29,12660.02,8
4164,27,16798.45,9
4165,20,14134.49,5
4166,30,11585.27,9
4167,28,15811.13,10
4168,36,13725.72,14
4169,37,25239.26,10
4170,31,9397.67,10
4171,32,15146.76,7
4172,33,14608.24,10
4173,34,12719.73,10
4174,30,17272.49,12
4175,30,9871.23,12
4176,41,15644.50,9
4177,34,18428.32,13
4178,31,14539.49,7
4179,23,8699.60,5
4180,28,15241.88,8
4181,26,11138.56,8
4182,19,7803.86,5
4183,39,19811.11,9
4184,23,9653.84,8
4185,39,16127.75,10
4186,29,8415.32,9
4187,21,14152.42,8
4188,23,7839.71,4
4189,31,14838.93,8
4190,17,6302.01,3
4191,30,11623.75,11
4192,25,9150.58,4
4193,29,15416.38,6
4194,43,24380.45,12
4195,25,14739.61,4
4196,26,15160.85,12
4197,31,9500.70,6
4198,31,14603.33,9
4199,30,16535.68,9
4200,33,15571.37,6
4201,29,13237.82,9
4202,40,23455.12,10
4203,34,16289.61,8
4204,36,15571.14,8
4205,35,17076.08,11
4206,33,13918.94,14
4207,26,17426.38,9
4208,26,12756.06,7
4209,30,12557.58,11
4210,32,16276.72,7
4211,31,12163.93,9
4212,29,8491.99,12
4213,36,15880.60,12
4214,27,11118.01,9
4215,33,15906.02,6
4216,33,16276.07,7
4217,37,15785.97,17
4218,34,15260.21,14
4219,49,20629.19,10
4220,27,19126.24,6
4221,29,9880.15,10
4222,28,14565.11,6
4223,33,18672.90,15
4224,32,15390.32,8
4225,34,14740.84,9
4226,23,14305.90,7
4227,31,15676.82,8
4228,37,14972.83,14
4229,31,11570.84,10
4230,25,10163.95,8
4231,38,15372.49,9
4232,36,22898.43,11
4233,35,13637.22,8
4234,30,14556.48,9
4235,37,14797.23,7
4236,37,19748.58,9
4237,30,10499.19,8
4238,30,9933.82,11
4239,22,7197.28,4
4240,39,15477.93,15
4241,28,15716.50,6
4242,30,11991.93,10
4243,40,21856.70,7
4244,27,15286.45,8
4245,33,16094.80,10
4246,36,18921.26,12
4247,34,13642.62,12
4248,30,16570.82,15
4249,20,11418.86,9
4250,24,11606.51,7
4251,37,18577.08,13
4252,27,9748.51,5
4253,28,8630.16,9
4254,22,12630.24,10
4255,25,11613.35,8
4256,31,13780.68,7
4257,28,9012.90,7
4258,36,14453.16,10
4259,38,20341.57,13
4260,34,16600.58,14
4261,38,18372.17,9
4262,29,8873.14,13
4263,27,11503.30,12
4264,32,10924.01,6
4265,38,19305.55,11
4266,32,7467.54,16
4267,35,14290.30,10
4268,22,10835.42,7
4269,28,13474.86,7
4270,27,13223.96,12
4271,34,16788.20,14
4272,23,8820.49,4
4273,21,9888.46,5
4274,31,12532.08,6
4275,43,22242.27,11
4276,35,14769.36,13
4277,38,16107.47,7
4278,30,13162.30,10
4279,28,15585.16,10
4280,26,11534.06,4
4281,30,14169.05,6
4282,23,10746.15,4
4283,30,13107.35,16
4284,21,6644.72,4
4285,40,16367.16,10
4286,27,11390.02,10
4287,31,10926.45,14
4288,39,15335.50,14
4289,36,16506.84,15
4290,35,17207.78,10
4291,37,17421.16,8
4292,37,24067.71,10
4293,32,16472.82,16
4294,31,9406.98,6
4295,28,15202.89,8
4296,30,14934.80,10
4297,38,16416.56,12
4298,28,15450.08,15
4299,25,11143.34,11
4300,29,7582.88,16
4301,27,10615.56,6
4302,32,14080.22,9
4303,32,21089.27,10
4304,34,18587.82,11
4305,33,14189.88,10
4306,26,12639.34,9
4307,37,18801.53,13
4308,33,20048.64,15
4309,33,20056.51,10
4310,39,14102.27,6
4311,37,14239.60,9
4312,27,13720.63,10
4313,29,12615.02,8
4314,32,17139.46,8
4315,30,11869.00,11
4316,34,16601.63,9
4317,33,19330.51,11
4318,35,16836.03,12
4319,29,14675.48,8
4320,36,16885.28,12
4321,26,15070.25,8
4322,28,17828.75,12
4323,16,6499.20,4
4324,18,9328.09,8
4325,24,10830.31,8
4326,28,11025.29,6
4327,34,16882.58,11
4328,30,14029.35,5
4329,34,14705.19,6
4330,27,13709.19,6
4331,41,17607.81,13
4332,22,7940.12,8
4333,32,14824.67,5
4334,23,13769.67,10
4335,29,13762.60,4
4336,22,7273.24,6
4337,17,7240.11,5
4338,30,13522.06,12
4339,31,14577.21,8
4340,27,10220.78,7
4341,35,13260.77,11
4342,37,15157.89,10
4343,33,18475.85,8
4344,32,11575.04,9
4345,26,14626.31,13
4346,34,12574.24,10
4347,28,11437.14,9
4348,29,11981.60,8
4349,37,15641.66,9
4350,35,17977.50,8
4351,31,13343.17,10
4352,29,15130.95,12
4353,27,9598.77,10
4354,32,18245.26,5
4355,24,10099.26,4
4356,34,13173.37,12
4357,32,15547.90,10
4358,34,13147.30,14
4359,36,20978.18,10
4360,32,10478.08,7
4361,24,7925.00,3
4362,33,14655.62,9
4363,22,6305.67,6
4364,23,12516.91,5
4365,33,12759.42,12
4366,19,11272.58,7
4367,24,8328.31,6
4368,29,17665.65,12
4369,31,12626.83,9
4370,35,15825.68,13
4371,30,19901.54,7
4372,26,11565.00,5
4373,29,14029.59,8
4374,30,15652.09,2
4375,37,16798.09,10
4376,32,11741.91,12
4377,36,16788.08,11
4378,25,17697.58,9
4379,35,16436.47,14
4380,30,14825.27,9
4381,30,12121.12,8
4382,31,13597.55,11
4383,36,13880.24,12
4384,26,9200.37,5
4385,31,14218.72,7
4386,33,16302.84,8
4387,20,12115.13,9
4388,37,19663.75,9
4389,40,17455.75,17
4390,26,11414.30,7
4391,18,12227.03,6
4392,29,12382.39,10
4393,40,20813.48,8
4394,32,19870.18,7
4395,28,14730.00,10
4396,33,12639.88,8
4397,31,14632.84,12
4398,25,9587.55,10
4399,34,16537.52,12
4400,30,9709.20,13
4401,25,10587.85,11
4402,36,17767.83,15
4403,32,17726.06,8
4404,31,9792.91,10
4405,26,7634.91,9
4406,29,11643.56,9
4407,31,15370.91,7
4408,33,10344.10,10
4409,22,8769.78,8
4410,31,17618.04,8
4411,33,14161.51,11
4412,39,17496.56,11
4413,30,13324.57,9
4414,21,10360.89,4
4415,25,11111.01,4
4416,34,13569.67,10
4417,30,14601.63,10
4418,28,9834.22,13
4419,31,17983.79,16
4420,32,18312.23,11
4421,26,13069.88,9
4422,26,11474.87,7
4423,20,9300.92,8
4424,27,15965.54,8
4425,43,21258.91,12
4426,24,6535.99,8
4427,34,14828.29,10
4428,19,7126.40,8
4429,30,16109.53,12
4430,38,16521.95,8
4431,28,14645.95,8
4432,30,19116.06,9
4433,28,12373.48,9
4434,29,10322.12,9
4435,32,14234.61,11
4436,29,16045.08,6
4437,29,13318.86,6
4438,31,14697.32,10
4439,28,8838.95,9
4440,26,9535.05,6
4441,33,13504.42,10
4442,28,13757.49,15
4443,31,10591.91,6
4444,21,13297.62,11
4445,23,8999.20,6
4446,21,16357.25,6
4447,32,13830.24,11
4448,25,11928.71,9
4449,31,11409.06,8
4450,27,13988.15,3
4451,30,11345.41,10
4452,29,12306.53,7
4453,24,15030.87,9
4454,30,16501.43,10
4455,39,17323.96,6
4456,30,14334.86,8
4457,28,9942.18,11
4458,19,10058.85,7
4459,29,11002.82,9
4460,24,14495.47,9
4461,27,16898.61,10
4462,36,11844.46,12
4463,25,12194.65,10
4464,31,10524.71,10
4465,38,20583.52,10
4466,31,14817.16,9
4467,33,15300.73,8
4468,33,14644.12,11
4469,28,11968.53,11
4470,28,14217.63,2
4471,27,12520.97,12
4472,32,12275.48,11
4473,29,11841.99,13
4474,43,20641.40,13
4475,35,11583.75,8
4476,23,9999.42,7
4477,31,13259.80,9
4478,23,10128.74,6
4479,28,15037.44,7
4480,32,13063.02,17
4481,38,18967.59,8
4482,34,17271.55,14
4483,28,13807.15,6
4484,34,25986.47,6
4485,34,16353.49,9
4486,30,12651.38,8
4487,34,10470.35,12
4488,28,16767.21,8
4489,27,14231.07,8
4490,32,16162.40,11
4491,32,15212.96,10
4492,32,16332.23,16
4493,20,11549.00,7
4494,29,11208.37,6
4495,26,8916.80,7
4496,34,12930.19,12
4497,38,16784.95,9
4498,37,22766.84,18
4499,32,16679.48,13
4500,25,12608.77,9
4501,31,11876.14,9
4502,27,10405.34,11
4503,18,9458.50,6
4504,26,11524.56,9
4505,35,15187.25,10
4506,33,19254.11,8
4507,26,8121.76,5
4508,28,12228.19,9
4509,29,9566.72,8
4510,27,14580.07,8
4511,24,6635.96,9
4512,37,15465.67,15
4513,21,8938.67,6
4514,30,11948.26,3
4515,38,14016.09,9
4516,26,11608.29,5
4517,27,12224.12,7
4518,28,14709.43,13
4519,34,16866.32,10
4520,29,16354.19,8
4521,36,13870.29,10
4522,40,15479.99,8
4523,37,14743.49,11
4524,32,16087.58,9
4525,34,17945.93,16
4526,23,12898.60,8
4527,30,13164.70,10
4528,28,13365.82,8
4529,29,10614.25,9
4530,33,14598.23,7
4531,35,13760.53,8
4532,30,17403.03,11
4533,32,16834.70,12
4534,35,16498.21,11
4535,31,14807.96,10
4536,27,8195.02,7
4537,31,12629.82,14
4538,36,16795.62,18
4539,31,20340.50,6
4540,31,10865.20,7
4541,37,14741.52,12
4542,29,14484.63,11
4543,28,16858.31,10
4544,33,14883.12,12
4545,18,5988.10,2
4546,36,13327.63,14
4547,31,11524.21,10
4548,26,12557.84,9
4549,35,18608.86,9
4550,23,10880.55,7
4551,35,13277.12,12
4552,30,16774.85,8
4553,35,13952.92,8
4554,19,5362.60,8
4555,21,8884.69,7
4556,26,7278.63,8
4557,38,14510.71,9
4558,32,18418.81,10
4559,24,17243.45,6
4560,28,12381.80,8
4561,35,12904.38,12
4562,36,19745.14,14
4563,28,15522.50,9
4564,27,8045.51,7
4565,30,11128.85,5
4566,24,13122.87,7
4567,33,8282.41,13
4568,29,10978.74,8
4569,26,9327.40,4
4570,28,16619.65,16
4571,23,7685.52,6
4572,30,14978.84,9
4573,37,20621.83,13
4574,23,10009.06,7
4575,33,19829.97,8
4576,28,10460.44,10
4577,28,12006.50,3
4578,33,14838.25,9
4579,31,16887.44,9
4580,33,11990.62,7
4581,37,13947.90,10
4582,34,13489.29,12
4583,29,14111.73,9
4584,35,17660.91,10
4585,31,15833.19,9
4586,29,12456.15,11
4587,29,10596.16,7
4588,33,16739.86,9
4589,28,11629.97,14
4590,31,13285.82,10
4591,21,11236.70,6
4592,26,14549.73,6
4593,27,12165.47,9
4594,32,13000.38,7
4595,20,7118.64,10
4596,25,12307.39,7
4597,37,15149.80,10
4598,36,17348.84,13
4599,33,14136.32,5
4600,29,8881.33,7
4601,32,16031.34,11
4602,26,11415.56,4
4603,34,12440.28,8
4604,23,11639.67,8
4605,32,10617.35,8
4606,29,16500.11,8
4607,24,10761.94,6
4608,33,16052.79,8
4609,33,21510.35,7
4610,32,23722.47,11
4611,37,19716.24,16
4612,34,15667.54,9
4613,29,16994.49,9
4614,35,11483.57,6
4615,40,14124.33,12
4616,24,12307.02,7
4617,43,24743.78,18
4618,32,16230.17,10
4619,28,10222.93,10
4620,23,10146.70,7
4621,24,16028.55,6
4622,27,10953.93,5
4623,26,9170.24,11
4624,34,17512.26,9
4625,34,21119.04,13
4626,35,13058.75,10
4627,32,17889.02,11
4628,30,21986.52,11
4629,26,9277.39,12
4630,23,8821.84,6
4631,28,12952.05,7
4632,25,11098.33,10
4633,29,10309.09,9
4634,36,21789.73,11
4635,31,11198.34,11
4636,28,14850.67,10
4637,33,16460.96,13
4638,27,12582.47,8
4639,18,13830.31,3
4640,27,10008.01,9
4641,38,16675.25,6
4642,27,14463.17,8
4643,23,8349.04,5
4644,37,15050.56,6
4645,24,9943.30,13
4646,33,16490.11,10
4647,36,14643.48,13
4648,37,17102.51,10
4649,30,13807.11,12
4650,35,19167.65,9
4651,31,12901.19,9
4652,32,17799.52,9
4653,33,11745.32,9
4654,40,16618.33,9
4655,27,15646.14,7
4656,27,9958.79,11
4657,32,11659.65,9
4658,26,9713.94,9
4659,34,11248.58,10
4660,31,14564.73,10
4661,24,18083.49,9
4662,17,7985.63,5
4663,26,9704.14,9
4664,25,12404.17,3
4665,29,15267.27,9
4666,27,11081.70,4
4667,21,12256.20,4
4668,26,10796.93,9
4669,32,15486.96,7
4670,33,13656.85,10
4671,22,8566.70,5
4672,27,10505.76,6
4673,24,11548.03,8
4674,26,11649.96,9
4675,32,13500.31,8
4676,32,13644.25,12
4677,26,13983.73,11
4678,32,12047.19,8
4679,25,14135.58,5
4680,34,18128.19,8
4681,38,18299.84,15
4682,24,10953.89,8
4683,30,13382.82,10
4684,36,16880.19,11
4685,26,8922.33,6
4686,28,15733.86,8
4687,44,23969.61,16
4688,27,16543.92,9
4689,34,14457.48,15
4690,25,9467.09,4
4691,22,9916.04,9
4692,34,16376.61,9
4693,27,12114.15,9
4694,25,9531.16,10
4695,32,13128.52,12
4696,41,21228.91,11
4697,28,10944.34,9
4698,33,13270.76,11
4699,29,10974.43,11
4700,34,14019.65,4
4701,27,19612.93,12
4702,30,14377.40,12
4703,30,13810.28,11
4704,33,14452.22,7
4705,24,13528.22,8
4706,33,13617.69,4
4707,29,15142.99,9
4708,30,11930.69,10
4709,24,8612.50,9
4710,31,11219.53,7
4711,29,18568.39,9
4712,37,14330.99,10
4713,24,7812.46,8
4714,35,15258.69,10
4715,25,10581.62,6
4716,26,15876.67,8
4717,21,7462.67,3
4718,23,7549.41,6
4719,41,20620.02,5
4720,32,17659.36,13
4721,39,16385.41,8
4722,29,12647.47,14
4723,41,16584.22,13
4724,36,18990.52,11
4725,29,13685.08,10
4726,37,12090.09,8
4727,28,12001.17,11
4728,33,16662.18,6
4729,37,16659.94,11
4730,33,19815.77,7
4731,35,13834.72,6
4732,29,8837.89,14
4733,29,12476.32,8
4734,27,14064.29,7
4735,24,10367.81,7
4736,24,14185.47,11
4737,24,8328.06,7
4738,26,8800.19,10
4739,32,15454.08,10
4740,32,12190.86,5
4741,27,6648.98,11
4742,21,14171.87,6
4743,28,10925.39,7
4744,35,14710.22,11
4745,27,10323.24,4
4746,29,14602.82,10
4747,26,11281.94,8
4748,26,17597.24,11
4749,24,13249.19,10
4750,19,6414.86,5
4751,26,11787.44,5
4752,32,15193.67,9
4753,35,19955.33,11
4754,34,16494.81,14
4755,22,9289.62,6
4756,29,15979.71,7
4757,34,11999.27,13
4758,28,12656.43,11
4759,31,12957.53,6
4760,27,13860.74,9
4761,23,10590.33,6
4762,27,12811.76,6
4763,35,15201.72,7
4764,32,12410.24,15
4765,33,10990.95,15
4766,27,14169.74,9
4767,33,12810.95,7
4768,32,16740.19,11
4769,24,9758.95,7
4770,30,14116.20,9
4771,25,12215.63,10
4772,31,11866.23,7
4773,28,12717.99,6
4774,34,14236.49,5
4775,31,12938.35,11
4776,30,14375.86,13
4777,27,9902.45,7
4778,25,9836.18,3
4779,31,19621.62,10
4780,31,11036.69,13
4781,35,19154.14,14
4782,32,18573.16,5
4783,28,15037.85,4
4784,22,12387.85,3
4785,27,11704.36,9
4786,24,8768.05,7
4787,23,11899.04,9
4788,22,8624.54,9
4789,20,8118.76,6
4790,32,14274.81,6
4791,32,14860.28,6
4792,31,11162.83,8
4793,23,8383.33,5
4794,33,14050.61,8
4795,43,13272.38,17
4796,33,17997.27,5
4797,26,15958.44,8
4798,39,19969.91,10
4799,27,12651.26,6
4800,33,12661.20,10
4801,36,14863.92,10
4802,23,7911.85,4
4803,21,10893.70,5
4804,31,12624.54,11
4805,33,15656.39,7
4806,31,10963.16,4
4807,30,16604.39,9
4808,29,17172.07,5
4809,26,12522.36,8
4810,20,8450.26,9
4811,33,16421.89,10
4812,21,8972.37,6
4813,27,12549.91,10
4814,43,15590.49,13
4815,35,9448.19,11
4816,23,8788.45,6
4817,44,20264.71,12
4818,22,6356.86,5
4819,31,17758.04,9
4820,33,16703.42,16
4821,33,26504.69,9
4822,26,12218.87,9
4823,27,17659.25,8
4824,20,8519.63,11
4825,27,8805.72,11
4826,25,12320.34,3
4827,42,27561.52,15
4828,53,19804.39,7
4829,38,16225.73,11
4830,34,15393.96,9
4831,40,17135.95,6
4832,30,15322.09,7
4833,26,16375.30,6
4834,30,13996.36,8
4835,23,10733.25,2
4836,36,20339.98,10
4837,33,12151.00,9
4838,32,12395.32,8
4839,35,13171.66,13
4840,18,10029.02,4
4841,23,10862.79,8
4842,24,11940.00,6
4843,31,15898.00,15
4844,25,11008.25,4
4845,26,16908.51,11
4846,27,12732.92,9
4847,27,11766.00,7
4848,34,15074.34,12
4849,33,11048.52,8
4850,30,11679.52,9
4851,38,20348.32,15
4852,30,9639.65,8
4853,25,10085.55,7
4854,30,19981.26,10
4855,38,14532.30,9
4856,31,14673.08,12
4857,36,17879.21,9
4858,25,15026.30,5
4859,33,12137.12,13
4860,35,19055.93,11
4861,29,13021.86,8
4862,35,13941.83,11
4863,25,14317.01,7
4864,41,25113.88,15
4865,30,16134.66,12
4866,35,17624.36,11
4867,28,11518.35,7
4868,32,14117.31,6
4869,26,15512.92,6
4870,25,11258.05,6
4871,27,11401.33,7
4872,24,10259.47,11
4873,44,16336.87,13
4874,36,15642.40,6
4875,29,10709.74,5
4876,31,12077.27,11
4877,30,16767.78,11
4878,25,11991.69,7
4879,29,14364.29,7
4880,27,14871.51,9
4881,26,11886.29,6
4882,37,16154.82,12
4883,36,14741.57,8
4884,34,19890.46,9
4885,39,16815.78,10
4886,20,9867.25,9
4887,27,10158.94,5
4888,35,16408.31,9
4889,24,10280.12,6
4890,25,14446.90,5
4891,27,13908.90,9
4892,26,13283.62,10
4893,29,15043.79,9
4894,36,19840.18,14
4895,26,11462.58,8
4896,35,23968.95,12
4897,37,18509.99,12
4898,32,9779.18,12
4899,28,18485.80,9
4900,32,17128.19,11
4901,20,6692.55,7
4902,31,12136.19,6
4903,33,22260.46,10
4904,29,16263.05,5
4905,29,12938.43,6
4906,27,12684.16,9
4907,34,11722.10,11
4908,24,17298.03,10
4909,28,16213.06,9
4910,29,12440.72,9
4911,27,11581.33,7
4912,38,22058.53,14
4913,35,12766.12,9
4914,23,8779.49,8
4915,35,15505.97,13
4916,35,17863.02,13
4917,17,7843.38,5
4918,37,16311.30,5
4919,36,15706.99,9
4920,26,10790.85,8
4921,38,16540.28,13
4922,28,13789.66,9
4923,26,10620.43,1
4924,28,10552.44,5
4925,28,13317.15,11
4926,28,12873.30,9
4927,41,17811.21,13
4928,26,9889.62,8
4929,27,11294.66,14
4930,24,12839.14,3
4931,36,18368.08,9
4932,37,15071.06,10
4933,35,10120.40,16
4934,33,12445.57,11
4935,38,17137.81,13
4936,22,7197.34,4
4937,31,12321.77,6
4938,28,12792.23,11
4939,30,12834.91,8
4940,32,20853.86,7
4941,27,17903.58,2
4942,31,17286.89,10
4943,26,14377.93,9
4944,27,8868.42,7
4945,37,20386.50,9
4946,26,9658.38,8
4947,37,15813.88,14
4948,27,10640.43,11
4949,32,13851.27,12
4950,28,12835.17,12
4951,37,14379.97,10
4952,30,16522.47,11
4953,29,15175.35,5
4954,38,16607.81,8
4955,34,17774.05,8
4956,36,13342.43,15
4957,39,22898.60,10
4958,26,10390.98,11
4959,39,18049.66,11
4960,30,14788.01,10
4961,41,14447.07,12
4962,20,11827.79,6
4963,33,12255.72,6
4964,36,18809.11,13
4965,21,10103.21,6
4966,14,6955.81,3
4967,33,13162.40,9
4968,45,22604.43,18
4969,40,19683.22,8
4970,27,14175.66,9
4971,36,14222.36,5
4972,29,15799.27,8
4973,31,13674.86,10
4974,25,8354.71,8
4975,31,18541.21,6
4976,29,16137.69,14
4977,30,12325.40,10
4978,28,13969.44,7
4979,18,9836.40,6
4980,28,13091.62,7
4981,29,18682.57,11
4982,29,9027.66,9
4983,34,14629.19,13
4984,31,9825.51,12
4985,30,14663.37,12
4986,30,17538.11,10
4987,29,14161.96,9
4988,35,18308.71,6
4989,25,9747.80,6
4990,41,22082.79,15
4991,35,17351.75,7
4992,31,11674.46,8
4993,35,14264.84,12
4994,24,9488.52,6
4995,32,10375.31,10
4996,28,10149.71,6
4997,31,9981.39,5
4998,31,11789.30,8
4999,33,15712.21,11
5000,29,15608.25,9
